Watching for file changes with StatReloader
C:\Users\muril\ledger\backend\config\settings.py changed, reloading.
Watching for file changes with StatReloader
Not Found: /home/
"GET /home/ HTTP/1.1" 404 4845
"GET /transactions/list/ HTTP/1.1" 200 7855
Not Found: /transactions/list/images/profile.png
"GET /transactions/list/images/profile.png HTTP/1.1" 404 4938
"GET /transactions/list/ HTTP/1.1" 200 7855
Not Found: /transactions/list/images/profile.png
"GET /transactions/list/images/profile.png HTTP/1.1" 404 4938
"GET /transactions/new/ HTTP/1.1" 200 10959
"GET /static/css/transactions/transaction.css HTTP/1.1" 304 0
"GET /static/js/transactions/transaction-form.js HTTP/1.1" 200 9039
Not Found: /transactions/new/images/profile.png
"GET /transactions/new/images/profile.png HTTP/1.1" 404 4935
"GET /transactions/new/ HTTP/1.1" 200 10959
"GET /static/css/transactions/transaction.css HTTP/1.1" 304 0
"GET /static/js/transactions/transaction-form.js HTTP/1.1" 304 0
Not Found: /transactions/new/images/profile.png
"GET /transactions/new/images/profile.png HTTP/1.1" 404 4935
"GET /transactions/new/ HTTP/1.1" 200 10923
Not Found: /transactions/new/images/profile.png
"GET /transactions/new/images/profile.png HTTP/1.1" 404 4935
"GET /transactions/new/ HTTP/1.1" 200 10843
Not Found: /transactions/new/images/profile.png
"GET /transactions/new/images/profile.png HTTP/1.1" 404 4935
"GET /transactions/new/ HTTP/1.1" 200 10634
"GET /transactions/new/ HTTP/1.1" 200 10650
"GET /transactions/new/ HTTP/1.1" 200 10739
C:\Users\muril\ledger\backend\users\urls_web.py changed, reloading.
Watching for file changes with StatReloader
Internal Server Error: /transactions/new/
Traceback (most recent call last):
  File "C:\Users\muril\ledger\.venv\Lib\site-packages\django\core\handlers\exception.py", line 55, in inner
    response = get_response(request)
  File "C:\Users\muril\ledger\.venv\Lib\site-packages\django\core\handlers\base.py", line 221, in _get_response
    response = response.render()
  File "C:\Users\muril\ledger\.venv\Lib\site-packages\django\template\response.py", line 114, in render
    self.content = self.rendered_content
                   ^^^^^^^^^^^^^^^^^^^^^
  File "C:\Users\muril\ledger\.venv\Lib\site-packages\django\template\response.py", line 92, in rendered_content
    return template.render(context, self._request)
           ~~~~~~~~~~~~~~~^^^^^^^^^^^^^^^^^^^^^^^^
  File "C:\Users\muril\ledger\.venv\Lib\site-packages\django\template\backends\django.py", line 107, in render
    return self.template.render(context)
           ~~~~~~~~~~~~~~~~~~~~^^^^^^^^^
  File "C:\Users\muril\ledger\.venv\Lib\site-packages\django\template\base.py", line 174, in render
    return self._render(context)
           ~~~~~~~~~~~~^^^^^^^^^
  File "C:\Users\muril\ledger\.venv\Lib\site-packages\django\template\base.py", line 166, in _render
    return self.nodelist.render(context)
           ~~~~~~~~~~~~~~~~~~~~^^^^^^^^^
  File "C:\Users\muril\ledger\.venv\Lib\site-packages\django\template\base.py", line 1091, in render
    return SafeString("".join([node.render_annotated(context) for node in self]))
                               ~~~~~~~~~~~~~~~~~~~~~^^^^^^^^^
  File "C:\Users\muril\ledger\.venv\Lib\site-packages\django\template\base.py", line 1052, in render_annotated
    return self.render(context)
           ~~~~~~~~~~~^^^^^^^^^
  File "C:\Users\muril\ledger\.venv\Lib\site-packages\django\template\loader_tags.py", line 160, in render
    return compiled_parent._render(context)
           ~~~~~~~~~~~~~~~~~~~~~~~^^^^^^^^^
  File "C:\Users\muril\ledger\.venv\Lib\site-packages\django\template\base.py", line 166, in _render
    return self.nodelist.render(context)
           ~~~~~~~~~~~~~~~~~~~~^^^^^^^^^
  File "C:\Users\muril\ledger\.venv\Lib\site-packages\django\template\base.py", line 1091, in render
    return SafeString("".join([node.render_annotated(context) for node in self]))
                               ~~~~~~~~~~~~~~~~~~~~~^^^^^^^^^
  File "C:\Users\muril\ledger\.venv\Lib\site-packages\django\template\base.py", line 1052, in render_annotated
    return self.render(context)
           ~~~~~~~~~~~^^^^^^^^^
  File "C:\Users\muril\ledger\.venv\Lib\site-packages\django\template\loader_tags.py", line 200, in render
    template = context.template.engine.select_template(template_name)
  File "C:\Users\muril\ledger\.venv\Lib\site-packages\django\template\engine.py", line 228, in select_template
    return self.get_template(template_name)
           ~~~~~~~~~~~~~~~~~^^^^^^^^^^^^^^^
  File "C:\Users\muril\ledger\.venv\Lib\site-packages\django\template\engine.py", line 186, in get_template
    template, origin = self.find_template(template_name)
                       ~~~~~~~~~~~~~~~~~~^^^^^^^^^^^^^^^
  File "C:\Users\muril\ledger\.venv\Lib\site-packages\django\template\engine.py", line 159, in find_template
    template = loader.get_template(name, skip=skip)
  File "C:\Users\muril\ledger\.venv\Lib\site-packages\django\template\loaders\cached.py", line 57, in get_template
    template = super().get_template(template_name, skip)
  File "C:\Users\muril\ledger\.venv\Lib\site-packages\django\template\loaders\base.py", line 28, in get_template
    return Template(
        contents,
    ...<2 lines>...
        self.engine,
    )
  File "C:\Users\muril\ledger\.venv\Lib\site-packages\django\template\base.py", line 157, in __init__
    self.nodelist = self.compile_nodelist()
                    ~~~~~~~~~~~~~~~~~~~~~^^
  File "C:\Users\muril\ledger\.venv\Lib\site-packages\django\template\base.py", line 199, in compile_nodelist
    nodelist = parser.parse()
  File "C:\Users\muril\ledger\.venv\Lib\site-packages\django\template\base.py", line 585, in parse
    raise self.error(token, e)
  File "C:\Users\muril\ledger\.venv\Lib\site-packages\django\template\base.py", line 583, in parse
    compiled_result = compile_func(self, token)
  File "C:\Users\muril\ledger\.venv\Lib\site-packages\django\template\defaulttags.py", line 1008, in do_if
    nodelist = parser.parse(("endif",))
  File "C:\Users\muril\ledger\.venv\Lib\site-packages\django\template\base.py", line 590, in parse
    self.unclosed_block_tag(parse_until)
    ~~~~~~~~~~~~~~~~~~~~~~~^^^^^^^^^^^^^
  File "C:\Users\muril\ledger\.venv\Lib\site-packages\django\template\base.py", line 657, in unclosed_block_tag
    raise self.error(token, msg)
django.template.exceptions.TemplateSyntaxError: Template: C:\Users\muril\ledger\frontend\templates\sidebar\sidebar.html, Unclosed tag on line 61: 'if'. Looking for one of: endif.
"GET /transactions/new/ HTTP/1.1" 500 208615
"GET /transactions/new/ HTTP/1.1" 200 10669
"GET /transactions/new/ HTTP/1.1" 200 10670
"GET /static/js/transactions/transaction-form.js HTTP/1.1" 304 0
"GET /admin/tags/tag/ HTTP/1.1" 200 26338
"GET /admin/jsi18n/ HTTP/1.1" 200 3342
"GET /transactions/new/ HTTP/1.1" 200 10741
Method Not Allowed (GET): /logout/
"GET /logout/ HTTP/1.1" 405 0
Method Not Allowed (GET): /logout/
"GET /logout/ HTTP/1.1" 405 0
Method Not Allowed (GET): /logout/
"GET /logout/ HTTP/1.1" 405 0
"GET / HTTP/1.1" 200 3427
"GET /transactions/new/ HTTP/1.1" 200 10741
C:\Users\muril\ledger\backend\users\urls_web.py changed, reloading.
Watching for file changes with StatReloader
"GET /transactions/new/ HTTP/1.1" 200 10741
"GET /static/css/global.css HTTP/1.1" 200 1748
"GET /static/css/transactions/transaction.css HTTP/1.1" 200 7430
"GET /static/css/sidebar/sidebar.css HTTP/1.1" 200 4721
"GET /static/img/box-in.png HTTP/1.1" 200 10894
"GET /static/img/box-out.png HTTP/1.1" 200 10897
"GET /static/js/global.js HTTP/1.1" 200 667
"GET /static/js/transactions/transaction-form.js HTTP/1.1" 200 9039
Method Not Allowed (GET): /logout/
"GET /logout/ HTTP/1.1" 405 0
C:\Users\muril\ledger\backend\config\urls.py changed, reloading.
Watching for file changes with StatReloader
C:\Users\muril\ledger\backend\users\urls_web.py changed, reloading.
Watching for file changes with StatReloader
C:\Users\muril\ledger\backend\users\urls_web.py changed, reloading.
Watching for file changes with StatReloader
"GET /transactions/new/ HTTP/1.1" 200 10741
Method Not Allowed (GET): /logout/
"GET /logout/ HTTP/1.1" 405 0
Method Not Allowed (GET): /logout/
"GET /logout/ HTTP/1.1" 405 0
"GET / HTTP/1.1" 200 3427
"GET / HTTP/1.1" 200 3888
"GET /static/img/profile.png HTTP/1.1" 404 1859
"GET /static/js/sidebar.js HTTP/1.1" 404 1853
"GET / HTTP/1.1" 200 3187
"GET /static/css/sidebar/sidebar.css HTTP/1.1" 200 4721
"GET /static/css/global.css HTTP/1.1" 200 1748
"GET /static/img/profile.png HTTP/1.1" 404 1859
"GET /static/js/global.js HTTP/1.1" 200 667
"GET / HTTP/1.1" 200 3187
"GET /static/css/sidebar/sidebar.css HTTP/1.1" 200 4721
"GET /static/css/global.css HTTP/1.1" 200 1748
"GET /static/img/profile.png HTTP/1.1" 404 1859
"GET /static/js/global.js HTTP/1.1" 200 667
Method Not Allowed (GET): /logout/
"GET /logout/ HTTP/1.1" 405 0
Method Not Allowed (GET): /logout/
"GET /logout/ HTTP/1.1" 405 0
"GET / HTTP/1.1" 200 3427
Not Found: /.well-known/appspecific/com.chrome.devtools.json
"GET /.well-known/appspecific/com.chrome.devtools.json HTTP/1.1" 404 5403
Method Not Allowed (GET): /logout/
"GET /logout/ HTTP/1.1" 405 0
C:\Users\muril\ledger\backend\config\urls.py changed, reloading.
Watching for file changes with StatReloader
C:\Users\muril\ledger\backend\config\settings.py changed, reloading.
Watching for file changes with StatReloader
C:\Users\muril\ledger\backend\users\urls_web.py changed, reloading.
Watching for file changes with StatReloader
Method Not Allowed (GET): /logout/
"GET /logout/ HTTP/1.1" 405 0
Not Found: /.well-known/appspecific/com.chrome.devtools.json
"GET /.well-known/appspecific/com.chrome.devtools.json HTTP/1.1" 404 5480
Not Found: /.well-known/appspecific/com.chrome.devtools.json
"GET /.well-known/appspecific/com.chrome.devtools.json HTTP/1.1" 404 5480
"GET / HTTP/1.1" 200 3376
"GET /static/css/sidebar/sidebar.css HTTP/1.1" 200 4721
Not Found: /.well-known/appspecific/com.chrome.devtools.json
"GET /.well-known/appspecific/com.chrome.devtools.json HTTP/1.1" 404 5480
"GET /static/css/global.css HTTP/1.1" 200 1748
"GET /static/js/global.js HTTP/1.1" 200 667
Method Not Allowed (GET): /logout/
"GET /logout/ HTTP/1.1" 405 0
"GET / HTTP/1.1" 302 0
"GET /accounts/login/ HTTP/1.1" 200 2278
"GET /static/css/auth/login.css HTTP/1.1" 200 7972
"GET /static/img/person-working.svg HTTP/1.1" 200 32156
"POST /accounts/login/ HTTP/1.1" 302 0
"GET / HTTP/1.1" 200 3376
"GET /static/css/sidebar/sidebar.css HTTP/1.1" 200 4721
"GET /static/css/global.css HTTP/1.1" 200 1748
"GET /static/js/global.js HTTP/1.1" 200 667
"GET /transactions/new/ HTTP/1.1" 200 10690
"GET /static/img/box-in.png HTTP/1.1" 200 10894
"GET /static/img/box-out.png HTTP/1.1" 200 10897
"GET /static/css/transactions/transaction.css HTTP/1.1" 200 7430
"GET /static/js/transactions/transaction-form.js HTTP/1.1" 200 9039
"GET /transactions/new/ HTTP/1.1" 200 10690
"GET /transactions/list/ HTTP/1.1" 200 7586
"GET /static/css/transactions/transaction_history.css HTTP/1.1" 200 5379
"GET /transactions/list/ HTTP/1.1" 200 7897
"GET /static/css/sidebar/sidebar.css HTTP/1.1" 200 4721
"GET /static/css/global.css HTTP/1.1" 200 1748
"GET /static/css/transactions/transaction_history.css HTTP/1.1" 200 5379
"GET /static/img/profile.png HTTP/1.1" 404 1859
"GET /static/js/global.js HTTP/1.1" 200 667
"GET /transactions/list/ HTTP/1.1" 200 7444
"GET /static/css/global.css HTTP/1.1" 200 1748
"GET /static/css/sidebar/sidebar.css HTTP/1.1" 200 4721
"GET /static/css/transactions/transaction_history.css HTTP/1.1" 200 5379
"GET /static/img/profile.png HTTP/1.1" 404 1859
"GET /static/js/global.js HTTP/1.1" 200 667
"GET /transactions/list/ HTTP/1.1" 200 7270
"GET /static/css/sidebar/sidebar.css HTTP/1.1" 200 4721
"GET /static/css/transactions/transaction_history.css HTTP/1.1" 200 5379
"GET /static/css/global.css HTTP/1.1" 200 1748
"GET /static/js/global.js HTTP/1.1" 200 667
"GET /transactions/list/ HTTP/1.1" 200 7270
"GET /home/ HTTP/1.1" 200 3060
"GET /transactions/new/ HTTP/1.1" 200 10374
Watching for file changes with StatReloader
"GET /transactions/new/ HTTP/1.1" 200 10374
"GET /static/css/sidebar/sidebar.css HTTP/1.1" 200 4721
"GET /static/css/transactions/transaction.css HTTP/1.1" 200 7430
"GET /static/img/box-in.png HTTP/1.1" 200 10894
"GET /static/img/box-out.png HTTP/1.1" 200 10897
"GET /static/js/global.js HTTP/1.1" 200 667
"GET /static/js/transactions/transaction-form.js HTTP/1.1" 200 9039
"GET /static/css/global.css HTTP/1.1" 200 1748
"GET /transactions/new/ HTTP/1.1" 200 10959
Not Found: /transactions/new/images/profile.png
"GET /transactions/new/images/profile.png HTTP/1.1" 404 5441
Internal Server Error: /transactions/new/
Traceback (most recent call last):
  File "C:\Users\muril\ledger\.venv\Lib\site-packages\django\template\base.py", line 577, in parse
    compile_func = self.tags[command]
                   ~~~~~~~~~^^^^^^^^^
KeyError: 'static'

During handling of the above exception, another exception occurred:

Traceback (most recent call last):
  File "C:\Users\muril\ledger\.venv\Lib\site-packages\django\core\handlers\exception.py", line 55, in inner
    response = get_response(request)
  File "C:\Users\muril\ledger\.venv\Lib\site-packages\django\core\handlers\base.py", line 221, in _get_response
    response = response.render()
  File "C:\Users\muril\ledger\.venv\Lib\site-packages\django\template\response.py", line 114, in render
    self.content = self.rendered_content
                   ^^^^^^^^^^^^^^^^^^^^^
  File "C:\Users\muril\ledger\.venv\Lib\site-packages\django\template\response.py", line 92, in rendered_content
    return template.render(context, self._request)
           ~~~~~~~~~~~~~~~^^^^^^^^^^^^^^^^^^^^^^^^
  File "C:\Users\muril\ledger\.venv\Lib\site-packages\django\template\backends\django.py", line 107, in render
    return self.template.render(context)
           ~~~~~~~~~~~~~~~~~~~~^^^^^^^^^
  File "C:\Users\muril\ledger\.venv\Lib\site-packages\django\template\base.py", line 174, in render
    return self._render(context)
           ~~~~~~~~~~~~^^^^^^^^^
  File "C:\Users\muril\ledger\.venv\Lib\site-packages\django\template\base.py", line 166, in _render
    return self.nodelist.render(context)
           ~~~~~~~~~~~~~~~~~~~~^^^^^^^^^
  File "C:\Users\muril\ledger\.venv\Lib\site-packages\django\template\base.py", line 1091, in render
    return SafeString("".join([node.render_annotated(context) for node in self]))
                               ~~~~~~~~~~~~~~~~~~~~~^^^^^^^^^
  File "C:\Users\muril\ledger\.venv\Lib\site-packages\django\template\base.py", line 1052, in render_annotated
    return self.render(context)
           ~~~~~~~~~~~^^^^^^^^^
  File "C:\Users\muril\ledger\.venv\Lib\site-packages\django\template\loader_tags.py", line 160, in render
    return compiled_parent._render(context)
           ~~~~~~~~~~~~~~~~~~~~~~~^^^^^^^^^
  File "C:\Users\muril\ledger\.venv\Lib\site-packages\django\template\base.py", line 166, in _render
    return self.nodelist.render(context)
           ~~~~~~~~~~~~~~~~~~~~^^^^^^^^^
  File "C:\Users\muril\ledger\.venv\Lib\site-packages\django\template\base.py", line 1091, in render
    return SafeString("".join([node.render_annotated(context) for node in self]))
                               ~~~~~~~~~~~~~~~~~~~~~^^^^^^^^^
  File "C:\Users\muril\ledger\.venv\Lib\site-packages\django\template\base.py", line 1052, in render_annotated
    return self.render(context)
           ~~~~~~~~~~~^^^^^^^^^
  File "C:\Users\muril\ledger\.venv\Lib\site-packages\django\template\loader_tags.py", line 200, in render
    template = context.template.engine.select_template(template_name)
  File "C:\Users\muril\ledger\.venv\Lib\site-packages\django\template\engine.py", line 228, in select_template
    return self.get_template(template_name)
           ~~~~~~~~~~~~~~~~~^^^^^^^^^^^^^^^
  File "C:\Users\muril\ledger\.venv\Lib\site-packages\django\template\engine.py", line 186, in get_template
    template, origin = self.find_template(template_name)
                       ~~~~~~~~~~~~~~~~~~^^^^^^^^^^^^^^^
  File "C:\Users\muril\ledger\.venv\Lib\site-packages\django\template\engine.py", line 159, in find_template
    template = loader.get_template(name, skip=skip)
  File "C:\Users\muril\ledger\.venv\Lib\site-packages\django\template\loaders\cached.py", line 57, in get_template
    template = super().get_template(template_name, skip)
  File "C:\Users\muril\ledger\.venv\Lib\site-packages\django\template\loaders\base.py", line 28, in get_template
    return Template(
        contents,
    ...<2 lines>...
        self.engine,
    )
  File "C:\Users\muril\ledger\.venv\Lib\site-packages\django\template\base.py", line 157, in __init__
    self.nodelist = self.compile_nodelist()
                    ~~~~~~~~~~~~~~~~~~~~~^^
  File "C:\Users\muril\ledger\.venv\Lib\site-packages\django\template\base.py", line 199, in compile_nodelist
    nodelist = parser.parse()
  File "C:\Users\muril\ledger\.venv\Lib\site-packages\django\template\base.py", line 585, in parse
    raise self.error(token, e)
  File "C:\Users\muril\ledger\.venv\Lib\site-packages\django\template\base.py", line 583, in parse
    compiled_result = compile_func(self, token)
  File "C:\Users\muril\ledger\.venv\Lib\site-packages\django\template\defaulttags.py", line 994, in do_if
    nodelist = parser.parse(("elif", "else", "endif"))
  File "C:\Users\muril\ledger\.venv\Lib\site-packages\django\template\base.py", line 579, in parse
    self.invalid_block_tag(token, command, parse_until)
    ~~~~~~~~~~~~~~~~~~~~~~^^^^^^^^^^^^^^^^^^^^^^^^^^^^^
  File "C:\Users\muril\ledger\.venv\Lib\site-packages\django\template\base.py", line 634, in invalid_block_tag
    raise self.error(
    ...<8 lines>...
    )
django.template.exceptions.TemplateSyntaxError: Template: C:\Users\muril\ledger\frontend\templates\sidebar\sidebar.html, Invalid block tag on line 63: 'static', expected 'elif', 'else' or 'endif'. Did you forget to register or load this tag?
"GET /transactions/new/ HTTP/1.1" 500 217259
"GET /transactions/new/ HTTP/1.1" 200 10625
"GET /static/css/global.css HTTP/1.1" 200 1748
"GET /static/css/sidebar/sidebar.css HTTP/1.1" 200 4721
"GET /static/img/profile.png HTTP/1.1" 404 1859
"GET /static/css/transactions/transaction.css HTTP/1.1" 200 7430
"GET /static/img/box-in.png HTTP/1.1" 200 10894
"GET /static/img/box-out.png HTTP/1.1" 200 10897
"GET /static/js/global.js HTTP/1.1" 200 667
"GET /static/js/transactions/transaction-form.js HTTP/1.1" 200 9039
"GET /transactions/new/ HTTP/1.1" 200 11001
"GET /static/css/sidebar/sidebar.css HTTP/1.1" 200 4721
"GET /static/img/box-in.png HTTP/1.1" 200 10894
"GET /static/img/profile.png HTTP/1.1" 404 1859
"GET /static/css/transactions/transaction.css HTTP/1.1" 200 7430
"GET /static/css/global.css HTTP/1.1" 200 1748
"GET /static/img/box-out.png HTTP/1.1" 200 10897
"GET /static/js/global.js HTTP/1.1" 200 667
"GET /static/js/transactions/transaction-form.js HTTP/1.1" 200 9039
"GET /transactions/new/ HTTP/1.1" 200 11416
"GET /static/css/global.css HTTP/1.1" 200 1748
"GET /static/css/transactions/transaction.css HTTP/1.1" 200 7430
"GET /static/css/sidebar/sidebar.css HTTP/1.1" 200 4721
"GET /static/img/profile.png HTTP/1.1" 404 1859
"GET /static/img/box-in.png HTTP/1.1" 200 10894
"GET /static/js/global.js HTTP/1.1" 200 667
"GET /static/img/box-out.png HTTP/1.1" 200 10897
"GET /static/js/transactions/transaction-form.js HTTP/1.1" 200 9039
"GET /transactions/new/ HTTP/1.1" 200 11178
"GET /static/css/sidebar/sidebar.css HTTP/1.1" 200 4721
"GET /static/css/global.css HTTP/1.1" 200 1748
"GET /static/css/transactions/transaction.css HTTP/1.1" 200 7430
"GET /static/img/profile.png HTTP/1.1" 404 1859
"GET /static/img/box-in.png HTTP/1.1" 200 10894
"GET /static/img/box-out.png HTTP/1.1" 200 10897
"GET /static/js/transactions/transaction-form.js HTTP/1.1" 200 9039
"GET /static/js/global.js HTTP/1.1" 200 667
"POST /logout/ HTTP/1.1" 302 0
"GET / HTTP/1.1" 302 0
"GET /accounts/login/ HTTP/1.1" 200 2278
"GET /home/ HTTP/1.1" 302 0
"GET /accounts/login/?next=/home/ HTTP/1.1" 200 2350
"POST /accounts/login/ HTTP/1.1" 302 0
"GET /home/ HTTP/1.1" 200 3864
"GET /static/img/profile.png HTTP/1.1" 404 1859
"GET /home/ HTTP/1.1" 200 3602
"GET /static/css/sidebar/sidebar.css HTTP/1.1" 200 4721
"GET /static/css/global.css HTTP/1.1" 200 1748
"GET /static/js/global.js HTTP/1.1" 200 667
"GET /home/ HTTP/1.1" 200 3577
"GET /static/css/global.css HTTP/1.1" 200 1748
"GET /static/js/global.js HTTP/1.1" 200 667
"GET /static/css/sidebar/sidebar.css HTTP/1.1" 200 4721
"GET /home/ HTTP/1.1" 200 3510
"GET /home/ HTTP/1.1" 200 3903
"GET /static/css/sidebar/sidebar.css HTTP/1.1" 200 7478
"GET /static/css/global.css HTTP/1.1" 200 1748
"GET /static/img/avatar.png HTTP/1.1" 404 1856
"GET /static/js/sidebar/sidebar.js HTTP/1.1" 200 2349
"GET /static/js/global.js HTTP/1.1" 200 667
"POST /logout/ HTTP/1.1" 302 0
"GET / HTTP/1.1" 302 0
"GET /accounts/login/ HTTP/1.1" 200 2278
"GET /home/ HTTP/1.1" 302 0
"GET /accounts/login/?next=/home/ HTTP/1.1" 200 2350
"GET /static/css/auth/login.css HTTP/1.1" 200 7972
"GET /static/img/person-working.svg HTTP/1.1" 200 32156
"POST /accounts/login/ HTTP/1.1" 302 0
"GET /home/ HTTP/1.1" 200 3903
"GET /static/css/sidebar/sidebar.css HTTP/1.1" 304 0
"GET /static/js/sidebar/sidebar.js HTTP/1.1" 304 0
"GET /static/img/avatar.png HTTP/1.1" 404 1856
"GET /home/ HTTP/1.1" 200 3446
"GET /static/css/sidebar/sidebar.css HTTP/1.1" 200 7478
"GET /static/css/global.css HTTP/1.1" 200 1748
"GET /static/js/sidebar/sidebar.js HTTP/1.1" 200 2349
"GET /static/js/global.js HTTP/1.1" 200 667
"GET /home/ HTTP/1.1" 200 3446
"GET /static/css/sidebar/sidebar.css HTTP/1.1" 200 5701
"GET /static/css/global.css HTTP/1.1" 200 1748
"GET /static/js/global.js HTTP/1.1" 200 667
"GET /static/js/sidebar/sidebar.js HTTP/1.1" 200 2349
"GET /home/ HTTP/1.1" 200 3847
"GET /static/css/sidebar/sidebar.css HTTP/1.1" 200 5701
"GET /static/css/global.css HTTP/1.1" 200 1748
"GET /static/js/sidebar/sidebar.js HTTP/1.1" 200 2349
"GET /static/js/global.js HTTP/1.1" 200 667
"GET /transactions/new/ HTTP/1.1" 200 11161
"GET /static/css/sidebar/sidebar.css HTTP/1.1" 304 0
"GET /transactions/new/ HTTP/1.1" 200 11161
"GET /static/css/sidebar/sidebar.css HTTP/1.1" 200 5701
"GET /static/css/global.css HTTP/1.1" 200 1748
"GET /static/img/box-out.png HTTP/1.1" 200 10897
"GET /static/css/transactions/transaction.css HTTP/1.1" 200 7430
"GET /static/img/box-in.png HTTP/1.1" 200 10894
"GET /static/js/sidebar/sidebar.js HTTP/1.1" 200 2349
"GET /static/js/global.js HTTP/1.1" 200 667
"GET /static/js/transactions/transaction-form.js HTTP/1.1" 200 9039
"GET /transactions/new/ HTTP/1.1" 200 11161
"GET /static/css/sidebar/sidebar.css HTTP/1.1" 200 4721
"GET /static/img/box-in.png HTTP/1.1" 200 10894
"GET /static/img/box-out.png HTTP/1.1" 200 10897
"GET /static/css/global.css HTTP/1.1" 200 1748
"GET /static/css/transactions/transaction.css HTTP/1.1" 200 7430
"GET /static/js/sidebar/sidebar.js HTTP/1.1" 200 2349
"GET /static/js/global.js HTTP/1.1" 200 667
"GET /static/js/transactions/transaction-form.js HTTP/1.1" 200 9039
"POST /logout/ HTTP/1.1" 302 0
"GET / HTTP/1.1" 302 0
"GET /accounts/login/ HTTP/1.1" 200 2278
"POST /accounts/login/ HTTP/1.1" 302 0
"GET / HTTP/1.1" 200 3847
"GET /static/css/sidebar/sidebar.css HTTP/1.1" 304 0
"GET / HTTP/1.1" 200 4126
"GET /static/css/sidebar/sidebar.css HTTP/1.1" 200 4721
"GET /static/css/global.css HTTP/1.1" 200 1748
Not Found: /images/profile.png
"GET /images/profile.png HTTP/1.1" 404 5390
"GET /static/js/sidebar/sidebar.js HTTP/1.1" 200 2349
"GET /static/js/global.js HTTP/1.1" 200 667
"GET / HTTP/1.1" 200 3645
"GET /static/css/sidebar/sidebar.css HTTP/1.1" 200 4721
"GET /static/css/global.css HTTP/1.1" 200 1748
"GET /static/js/global.js HTTP/1.1" 200 667
Not Found: /images/profile.png
"GET /images/profile.png HTTP/1.1" 404 5390
"GET / HTTP/1.1" 200 3355
"GET /static/css/sidebar/sidebar.css HTTP/1.1" 200 5123
"GET /static/css/global.css HTTP/1.1" 200 1748
"GET /static/img/profile.png HTTP/1.1" 404 1859
"GET /static/js/global.js HTTP/1.1" 200 667
"GET / HTTP/1.1" 200 3888
"GET /static/css/global.css HTTP/1.1" 200 1748
"GET /static/css/sidebar/sidebar.css HTTP/1.1" 200 5123
"GET /static/img/profile.png HTTP/1.1" 404 1859
"GET /static/js/sidebar.js HTTP/1.1" 404 1853
"GET /static/js/global.js HTTP/1.1" 200 667
"GET / HTTP/1.1" 200 3888
"GET /static/css/sidebar/sidebar.css HTTP/1.1" 200 5123
"GET /static/css/global.css HTTP/1.1" 200 1748
"GET /static/img/profile.png HTTP/1.1" 404 1859
"GET /static/js/sidebar.js HTTP/1.1" 404 1853
"GET /static/js/global.js HTTP/1.1" 200 667
"GET / HTTP/1.1" 200 4506
"GET /static/css/sidebar/sidebar.css HTTP/1.1" 200 5123
"GET /static/css/global.css HTTP/1.1" 200 1748
"GET /static/js/sidebar.js HTTP/1.1" 404 1853
"GET /static/js/global.js HTTP/1.1" 200 667
"GET /transactions/list/ HTTP/1.1" 200 8716
"GET /static/js/sidebar.js HTTP/1.1" 404 1853
"GET /transactions/list/ HTTP/1.1" 200 8098
"GET /static/css/global.css HTTP/1.1" 200 1748
"GET /static/css/sidebar/sidebar.css HTTP/1.1" 200 5123
"GET /static/img/profile.png HTTP/1.1" 404 1859
"GET /static/css/transactions/transaction_history.css HTTP/1.1" 200 5379
"GET /static/js/sidebar.js HTTP/1.1" 404 1853
"GET /static/js/global.js HTTP/1.1" 200 667
"GET /transactions/list/ HTTP/1.1" 200 8716
"GET /static/css/sidebar/sidebar.css HTTP/1.1" 200 10325
"GET /static/css/global.css HTTP/1.1" 200 1748
"GET /static/css/transactions/transaction_history.css HTTP/1.1" 200 5379
"GET /static/js/sidebar.js HTTP/1.1" 404 1853
"GET /static/js/global.js HTTP/1.1" 200 667
"GET /transactions/list/ HTTP/1.1" 200 8716
"GET /static/css/global.css HTTP/1.1" 200 1748
"GET /static/css/transactions/transaction_history.css HTTP/1.1" 200 5379
"GET /static/css/sidebar/sidebar.css HTTP/1.1" 200 10325
"GET /static/js/sidebar.js HTTP/1.1" 404 1853
"GET /static/js/global.js HTTP/1.1" 200 667
"GET /transactions/list/ HTTP/1.1" 200 8716
"GET /static/css/sidebar/sidebar.css HTTP/1.1" 200 10325
"GET /static/js/sidebar.js HTTP/1.1" 404 1853
"GET /static/css/global.css HTTP/1.1" 200 2782
"GET /static/css/transactions/transaction_history.css HTTP/1.1" 200 5379
"GET /static/js/global.js HTTP/1.1" 200 667
"GET /transactions/list/ HTTP/1.1" 200 8716
"GET /static/css/sidebar/sidebar.css HTTP/1.1" 200 10325
"GET /static/css/global.css HTTP/1.1" 200 1748
"GET /static/css/transactions/transaction_history.css HTTP/1.1" 200 5379
"GET /static/js/global.js HTTP/1.1" 200 667
"GET /static/js/sidebar.js HTTP/1.1" 404 1853
"GET /transactions/list/ HTTP/1.1" 200 8716
"GET /static/css/sidebar/sidebar.css HTTP/1.1" 200 8495
"GET /static/css/global.css HTTP/1.1" 200 1115
"GET /static/css/transactions/transaction_history.css HTTP/1.1" 200 5379
"GET /static/js/sidebar.js HTTP/1.1" 404 1853
"GET /static/js/global.js HTTP/1.1" 200 667
"GET /transactions/list/ HTTP/1.1" 200 8716
"GET /static/js/global.js HTTP/1.1" 200 667
"GET /static/js/sidebar.js HTTP/1.1" 404 1853
"GET /static/css/transactions/transaction_history.css HTTP/1.1" 200 5379
"GET /static/css/global.css HTTP/1.1" 200 1115
"GET /static/css/sidebar/sidebar.css HTTP/1.1" 200 8495
"GET /transactions/list/ HTTP/1.1" 200 8711
"GET /static/js/sidebar.js HTTP/1.1" 404 1853
"GET /static/css/transactions/transaction_history.css HTTP/1.1" 200 5379
"GET /static/css/sidebar/sidebar.css HTTP/1.1" 200 8495
"GET /static/css/global.css HTTP/1.1" 200 1115
"GET /static/js/global.js HTTP/1.1" 200 667
"GET /transactions/new/ HTTP/1.1" 200 11815
"GET /static/css/sidebar/sidebar.css HTTP/1.1" 304 0
"GET /static/css/global.css HTTP/1.1" 304 0
"GET /static/js/sidebar.js HTTP/1.1" 404 1853
"GET /transactions/new/ HTTP/1.1" 200 11815
"GET /static/js/sidebar.js HTTP/1.1" 404 1853
"GET /transactions/list/ HTTP/1.1" 200 8711
"GET /static/js/sidebar.js HTTP/1.1" 404 1853
"GET /transactions/list/ HTTP/1.1" 200 8630
"GET /static/css/sidebar/sidebar.css HTTP/1.1" 200 8495
"GET /static/css/global.css HTTP/1.1" 200 1115
"GET /static/css/transactions/transaction_history.css HTTP/1.1" 200 5379
"GET /static/js/sidebar.js HTTP/1.1" 404 1853
"GET /static/js/global.js HTTP/1.1" 200 667
"GET /home/ HTTP/1.1" 200 4420
"GET /static/js/sidebar.js HTTP/1.1" 404 1853
"GET /transactions/new/ HTTP/1.1" 200 11734
"GET /static/js/sidebar.js HTTP/1.1" 404 1853
"GET /transactions/list/ HTTP/1.1" 200 8630
"GET /static/js/sidebar.js HTTP/1.1" 404 1853
"GET /transactions/list/ HTTP/1.1" 200 8630
"GET /static/css/sidebar/sidebar.css HTTP/1.1" 200 8495
"GET /static/css/global.css HTTP/1.1" 200 1115
"GET /static/css/transactions/transaction_history.css HTTP/1.1" 200 5379
"GET /static/js/sidebar.js HTTP/1.1" 404 1853
"GET /static/js/global.js HTTP/1.1" 200 667
"GET /transactions/list/ HTTP/1.1" 200 8630
"GET /static/js/sidebar.js HTTP/1.1" 404 1853
"GET /transactions/list/ HTTP/1.1" 200 8630
"GET /static/css/sidebar/sidebar.css HTTP/1.1" 200 8495
"GET /static/js/sidebar.js HTTP/1.1" 404 1853
"GET /static/css/transactions/transaction_history.css HTTP/1.1" 200 5378
"GET /static/css/global.css HTTP/1.1" 200 1115
"GET /static/js/global.js HTTP/1.1" 200 667
"GET /transactions/list/ HTTP/1.1" 200 8630
"GET /static/css/sidebar/sidebar.css HTTP/1.1" 200 8544
"GET /static/css/global.css HTTP/1.1" 200 1115
"GET /static/js/sidebar.js HTTP/1.1" 404 1853
"GET /static/css/transactions/transaction_history.css HTTP/1.1" 200 5378
"GET /static/js/global.js HTTP/1.1" 200 667
"GET /transactions/list/ HTTP/1.1" 200 8630
"GET /static/css/sidebar/sidebar.css HTTP/1.1" 200 8558
"GET /static/js/sidebar.js HTTP/1.1" 404 1853
"GET /static/css/global.css HTTP/1.1" 200 1115
"GET /static/css/transactions/transaction_history.css HTTP/1.1" 200 5378
"GET /static/js/global.js HTTP/1.1" 200 667
"GET /transactions/list/ HTTP/1.1" 200 8630
"GET /static/css/sidebar/sidebar.css HTTP/1.1" 200 8558
"GET /static/css/transactions/transaction_history.css HTTP/1.1" 200 5378
"GET /static/css/global.css HTTP/1.1" 200 1115
"GET /static/js/sidebar.js HTTP/1.1" 404 1853
"GET /static/js/global.js HTTP/1.1" 200 667
"GET /transactions/list/ HTTP/1.1" 200 8630
"GET /static/css/sidebar/sidebar.css HTTP/1.1" 200 8558
"GET /static/css/global.css HTTP/1.1" 200 1115
"GET /static/css/transactions/transaction_history.css HTTP/1.1" 200 5378
"GET /static/js/sidebar.js HTTP/1.1" 404 1853
"GET /static/js/global.js HTTP/1.1" 200 667
"GET /transactions/list/ HTTP/1.1" 200 8633
"GET /static/css/sidebar/sidebar.css HTTP/1.1" 200 8558
"GET /static/css/global.css HTTP/1.1" 200 1115
"GET /static/css/transactions/transaction_history.css HTTP/1.1" 200 5378
"GET /static/js/sidebar.js HTTP/1.1" 404 1853
"GET /static/js/global.js HTTP/1.1" 200 667
"GET /transactions/list/ HTTP/1.1" 200 8633
"GET /static/css/sidebar/sidebar.css HTTP/1.1" 200 8544
"GET /static/js/sidebar.js HTTP/1.1" 404 1853
"GET /static/css/global.css HTTP/1.1" 200 1115
"GET /static/css/transactions/transaction_history.css HTTP/1.1" 200 5378
"GET /static/js/global.js HTTP/1.1" 200 667
"GET /transactions/list/ HTTP/1.1" 200 8633
"GET /static/css/sidebar/sidebar.css HTTP/1.1" 200 8558
"GET /static/css/global.css HTTP/1.1" 200 1115
"GET /static/css/transactions/transaction_history.css HTTP/1.1" 200 5378
"GET /static/js/sidebar.js HTTP/1.1" 404 1853
"GET /static/js/global.js HTTP/1.1" 200 667
"GET /transactions/list/ HTTP/1.1" 200 8633
"GET /static/css/sidebar/sidebar.css HTTP/1.1" 200 8538
"GET /static/css/global.css HTTP/1.1" 200 1115
"GET /static/css/transactions/transaction_history.css HTTP/1.1" 200 5378
"GET /static/js/sidebar.js HTTP/1.1" 404 1853
"GET /static/js/global.js HTTP/1.1" 200 667
"GET /transactions/list/ HTTP/1.1" 200 8633
"GET /static/css/sidebar/sidebar.css HTTP/1.1" 200 8558
"GET /static/js/sidebar.js HTTP/1.1" 404 1853
"GET /static/css/global.css HTTP/1.1" 200 1115
"GET /static/css/transactions/transaction_history.css HTTP/1.1" 200 5378
"GET /static/js/global.js HTTP/1.1" 200 667
"GET /transactions/list/ HTTP/1.1" 200 8633
"GET /static/css/sidebar/sidebar.css HTTP/1.1" 200 8583
"GET /static/css/global.css HTTP/1.1" 200 1115
"GET /static/css/transactions/transaction_history.css HTTP/1.1" 200 5378
"GET /static/js/sidebar.js HTTP/1.1" 404 1853
"GET /static/js/global.js HTTP/1.1" 200 667
"GET /transactions/list/ HTTP/1.1" 200 8633
"GET /static/css/sidebar/sidebar.css HTTP/1.1" 200 8583
"GET /static/css/global.css HTTP/1.1" 200 1115
"GET /static/css/transactions/transaction_history.css HTTP/1.1" 200 5378
"GET /static/js/sidebar.js HTTP/1.1" 404 1853
"GET /static/js/global.js HTTP/1.1" 200 667
"GET /transactions/list/ HTTP/1.1" 200 8633
"GET /static/css/sidebar/sidebar.css HTTP/1.1" 200 8583
"GET /static/js/sidebar.js HTTP/1.1" 404 1853
"GET /transactions/list/ HTTP/1.1" 200 8633
"GET /static/css/sidebar/sidebar.css HTTP/1.1" 200 8583
"GET /static/css/global.css HTTP/1.1" 200 1115
"GET /static/css/transactions/transaction_history.css HTTP/1.1" 200 5378
"GET /static/js/sidebar.js HTTP/1.1" 404 1853
"GET /static/js/global.js HTTP/1.1" 200 667
Watching for file changes with StatReloader
"GET /admin/accounts/account/ HTTP/1.1" 200 25686
"GET /static/admin/css/dark_mode.css HTTP/1.1" 200 3538
"GET /static/admin/css/base.css HTTP/1.1" 200 23100
"GET /static/admin/css/nav_sidebar.css HTTP/1.1" 200 2810
"GET /static/admin/css/changelists.css HTTP/1.1" 200 7501
"GET /static/admin/css/responsive.css HTTP/1.1" 200 16194
"GET /static/admin/js/theme.js HTTP/1.1" 200 1653
"GET /static/admin/js/vendor/jquery/jquery.js HTTP/1.1" 200 285314
"GET /admin/jsi18n/ HTTP/1.1" 200 3342
"GET /static/admin/js/jquery.init.js HTTP/1.1" 200 347
"GET /static/admin/js/prepopulate.js HTTP/1.1" 200 1531
"GET /static/admin/js/urlify.js HTTP/1.1" 200 7887
"GET /static/admin/js/core.js HTTP/1.1" 200 6208
"GET /static/admin/js/actions.js HTTP/1.1" 200 8076
"GET /static/admin/js/admin/RelatedObjectLookups.js HTTP/1.1" 200 9777
"GET /static/admin/img/search.svg HTTP/1.1" 200 607
"GET /static/admin/js/nav_sidebar.js HTTP/1.1" 200 3063
"GET /static/admin/js/filters.js HTTP/1.1" 200 978
"GET /static/admin/js/vendor/xregexp/xregexp.js HTTP/1.1" 200 325171
"GET /static/admin/img/icon-addlink.svg HTTP/1.1" 200 593
"GET /static/admin/img/icon-viewlink.svg HTTP/1.1" 200 928
"GET /static/admin/img/tooltag-add.svg HTTP/1.1" 200 593
"GET /static/admin/img/sorting-icons.svg HTTP/1.1" 200 1761
Not Found: /favicon.ico
"GET /favicon.ico HTTP/1.1" 404 5369
"GET / HTTP/1.1" 200 4423
"GET /static/js/sidebar.js HTTP/1.1" 404 1853
"GET /static/css/global.css HTTP/1.1" 200 1115
"GET /static/css/sidebar/sidebar.css HTTP/1.1" 200 8583
"GET /static/js/global.js HTTP/1.1" 200 667
"POST /logout/ HTTP/1.1" 302 0
"GET / HTTP/1.1" 302 0
"GET /accounts/login/ HTTP/1.1" 200 2278
"GET /static/css/auth/login.css HTTP/1.1" 200 7972
"GET /static/img/person-working.svg HTTP/1.1" 200 32156
"POST /accounts/login/ HTTP/1.1" 302 0
"GET / HTTP/1.1" 200 4423
"GET /static/js/sidebar.js HTTP/1.1" 404 1853
"GET /home/ HTTP/1.1" 200 4423
"GET /static/js/sidebar.js HTTP/1.1" 404 1853
"GET /home/ HTTP/1.1" 200 4423
"GET /static/css/sidebar/sidebar.css HTTP/1.1" 200 8583
"GET /static/css/global.css HTTP/1.1" 200 1115
"GET /static/js/sidebar.js HTTP/1.1" 404 1853
"GET /static/js/global.js HTTP/1.1" 200 667
Not Found: /favicon.ico
"GET /favicon.ico HTTP/1.1" 404 5369
"GET /home/ HTTP/1.1" 200 4398
"GET /static/js/sidebar.js HTTP/1.1" 404 1853
"GET /static/css/sidebar/sidebar.css HTTP/1.1" 200 8583
"GET /static/js/global.js HTTP/1.1" 200 667
"GET /static/css/global.css HTTP/1.1" 200 1115
Not Found: /favicon.ico
"GET /favicon.ico HTTP/1.1" 404 5369
"GET /home/ HTTP/1.1" 200 4226
"GET /static/css/global.css HTTP/1.1" 200 1115
"GET /static/js/sidebar.js HTTP/1.1" 404 1853
"GET /static/css/sidebar/sidebar.css HTTP/1.1" 200 8583
"GET /static/js/global.js HTTP/1.1" 200 667
Not Found: /favicon.ico
"GET /favicon.ico HTTP/1.1" 404 5369
"GET /home/ HTTP/1.1" 200 4423
"GET /static/css/global.css HTTP/1.1" 200 1115
"GET /static/css/sidebar/sidebar.css HTTP/1.1" 200 8583
"GET /static/js/sidebar.js HTTP/1.1" 404 1853
"GET /static/js/global.js HTTP/1.1" 200 667
Not Found: /favicon.ico
"GET /favicon.ico HTTP/1.1" 404 5369
"GET /home/ HTTP/1.1" 200 4439
"GET /static/css/global.css HTTP/1.1" 200 1115
"GET /static/css/sidebar/sidebar.css HTTP/1.1" 200 8583
"GET /static/js/sidebar.js HTTP/1.1" 404 1853
"GET /static/js/global.js HTTP/1.1" 200 667
Not Found: /favicon.ico
"GET /favicon.ico HTTP/1.1" 404 5369
"GET /home/ HTTP/1.1" 200 4439
"GET /static/js/sidebar.js HTTP/1.1" 404 1853
"GET /home/ HTTP/1.1" 200 4445
"GET /static/css/sidebar/sidebar.css HTTP/1.1" 200 8583
"GET /static/css/global.css HTTP/1.1" 200 1115
"GET /static/js/sidebar.js HTTP/1.1" 404 1853
"GET /static/js/global.js HTTP/1.1" 200 667
Not Found: /favicon.ico
"GET /favicon.ico HTTP/1.1" 404 5369
"GET /home/ HTTP/1.1" 200 4485
"GET /static/css/sidebar/sidebar.css HTTP/1.1" 200 8583
"GET /static/css/global.css HTTP/1.1" 200 1115
"GET /static/js/sidebar.js HTTP/1.1" 404 1853
"GET /static/js/global.js HTTP/1.1" 200 667
Not Found: /favicon.ico
"GET /favicon.ico HTTP/1.1" 404 5369
"GET /transactions/list/ HTTP/1.1" 200 8695
"GET /static/js/sidebar.js HTTP/1.1" 404 1853
"GET /static/css/transactions/transaction_history.css HTTP/1.1" 200 5378
"GET /transactions/list/ HTTP/1.1" 200 8695
"GET /static/css/sidebar/sidebar.css HTTP/1.1" 200 8583
"GET /static/css/global.css HTTP/1.1" 200 1115
"GET /static/css/transactions/transaction_history.css HTTP/1.1" 200 5378
"GET /static/js/sidebar.js HTTP/1.1" 404 1853
"GET /static/js/global.js HTTP/1.1" 200 667
Not Found: /favicon.ico
"GET /favicon.ico HTTP/1.1" 404 5369
"GET /transactions/list/ HTTP/1.1" 200 8695
"GET /static/js/sidebar.js HTTP/1.1" 404 1853
"GET /transactions/list/ HTTP/1.1" 200 8707
"GET /static/css/global.css HTTP/1.1" 200 1115
"GET /static/css/transactions/transaction_history.css HTTP/1.1" 200 5378
"GET /static/css/sidebar/sidebar.css HTTP/1.1" 200 8583
"GET /static/js/global.js HTTP/1.1" 200 667
"GET /static/js/sidebar.js HTTP/1.1" 404 1853
Not Found: /favicon.ico
"GET /favicon.ico HTTP/1.1" 404 5369
"GET /transactions/list/ HTTP/1.1" 200 8706
"GET /static/js/sidebar.js HTTP/1.1" 404 1853
"GET /static/css/global.css HTTP/1.1" 200 1115
"GET /static/css/transactions/transaction_history.css HTTP/1.1" 200 5378
"GET /static/css/sidebar/sidebar.css HTTP/1.1" 200 8583
"GET /static/js/global.js HTTP/1.1" 200 667
Not Found: /favicon.ico
"GET /favicon.ico HTTP/1.1" 404 5369
"GET /transactions/list/ HTTP/1.1" 200 8706
"GET /static/css/sidebar/sidebar.css HTTP/1.1" 200 8580
"GET /static/css/global.css HTTP/1.1" 200 1115
"GET /static/css/transactions/transaction_history.css HTTP/1.1" 200 5378
"GET /static/js/sidebar.js HTTP/1.1" 404 1853
"GET /static/js/global.js HTTP/1.1" 200 667
Not Found: /favicon.ico
"GET /favicon.ico HTTP/1.1" 404 5369
"GET /transactions/list/ HTTP/1.1" 200 8706
"GET /static/css/transactions/transaction_history.css HTTP/1.1" 200 5378
"GET /static/css/sidebar/sidebar.css HTTP/1.1" 200 8583
"GET /static/css/global.css HTTP/1.1" 200 1115
"GET /static/js/sidebar.js HTTP/1.1" 404 1853
"GET /static/js/global.js HTTP/1.1" 200 667
Not Found: /favicon.ico
"GET /favicon.ico HTTP/1.1" 404 5369
"GET /static/css/sidebar/sidebar.css HTTP/1.1" 304 0
Not Found: /.well-known/appspecific/com.chrome.devtools.json
"GET /.well-known/appspecific/com.chrome.devtools.json HTTP/1.1" 404 5480
"GET /transactions/list/ HTTP/1.1" 200 8706
"GET /static/css/global.css HTTP/1.1" 200 1115
"GET /static/css/sidebar/sidebar.css HTTP/1.1" 200 8509
"GET /static/css/transactions/transaction_history.css HTTP/1.1" 200 5378
"GET /static/js/sidebar.js HTTP/1.1" 404 1853
"GET /static/js/global.js HTTP/1.1" 200 667
Not Found: /.well-known/appspecific/com.chrome.devtools.json
"GET /.well-known/appspecific/com.chrome.devtools.json HTTP/1.1" 404 5480
Not Found: /favicon.ico
"GET /favicon.ico HTTP/1.1" 404 5369
"GET /transactions/list/ HTTP/1.1" 200 8706
"GET /static/css/sidebar/sidebar.css HTTP/1.1" 200 8583
"GET /static/js/sidebar.js HTTP/1.1" 404 1853
"GET /static/css/sidebar/sidebar.css HTTP/1.1" 304 0
Not Found: /.well-known/appspecific/com.chrome.devtools.json
"GET /.well-known/appspecific/com.chrome.devtools.json HTTP/1.1" 404 5480
"GET /transactions/list/ HTTP/1.1" 200 8706
"GET /static/css/sidebar/sidebar.css HTTP/1.1" 304 0
"GET /static/js/sidebar.js HTTP/1.1" 404 1853
Not Found: /.well-known/appspecific/com.chrome.devtools.json
"GET /.well-known/appspecific/com.chrome.devtools.json HTTP/1.1" 404 5480
"GET /transactions/list/ HTTP/1.1" 200 8706
"GET /static/css/sidebar/sidebar.css HTTP/1.1" 200 8623
"GET /static/css/global.css HTTP/1.1" 200 1115
"GET /static/css/transactions/transaction_history.css HTTP/1.1" 200 5378
"GET /static/js/sidebar.js HTTP/1.1" 404 1853
"GET /static/js/global.js HTTP/1.1" 200 667
Not Found: /.well-known/appspecific/com.chrome.devtools.json
"GET /.well-known/appspecific/com.chrome.devtools.json HTTP/1.1" 404 5480
Not Found: /favicon.ico
"GET /favicon.ico HTTP/1.1" 404 5369
"GET /transactions/list/ HTTP/1.1" 200 8706
"GET /static/js/sidebar.js HTTP/1.1" 404 1853
"GET /static/css/sidebar/sidebar.css HTTP/1.1" 200 8611
Not Found: /.well-known/appspecific/com.chrome.devtools.json
"GET /.well-known/appspecific/com.chrome.devtools.json HTTP/1.1" 404 5480
"GET /transactions/list/ HTTP/1.1" 200 8706
"GET /static/js/sidebar.js HTTP/1.1" 404 1853
"GET /static/css/sidebar/sidebar.css HTTP/1.1" 200 8630
Not Found: /.well-known/appspecific/com.chrome.devtools.json
"GET /.well-known/appspecific/com.chrome.devtools.json HTTP/1.1" 404 5480
"GET /transactions/list/ HTTP/1.1" 200 8706
"GET /static/css/sidebar/sidebar.css HTTP/1.1" 304 0
"GET /static/js/sidebar.js HTTP/1.1" 404 1853
Not Found: /.well-known/appspecific/com.chrome.devtools.json
"GET /.well-known/appspecific/com.chrome.devtools.json HTTP/1.1" 404 5480
"GET /home/ HTTP/1.1" 200 4496
"GET /static/css/sidebar/sidebar.css HTTP/1.1" 304 0
"GET /static/js/sidebar.js HTTP/1.1" 404 1853
"GET /transactions/new/ HTTP/1.1" 200 11810
"GET /static/img/box-in.png HTTP/1.1" 200 10894
"GET /static/css/transactions/transaction.css HTTP/1.1" 200 7430
"GET /static/img/box-out.png HTTP/1.1" 200 10897
"GET /static/js/sidebar.js HTTP/1.1" 404 1853
"GET /static/js/transactions/transaction-form.js HTTP/1.1" 200 9039
"GET /transactions/new/ HTTP/1.1" 200 11810
"GET /static/css/sidebar/sidebar.css HTTP/1.1" 200 6136
"GET /static/js/sidebar.js HTTP/1.1" 404 1853
"GET /home/ HTTP/1.1" 200 4496
"GET /static/css/sidebar/sidebar.css HTTP/1.1" 304 0
"GET /static/js/sidebar.js HTTP/1.1" 404 1853
"GET /transactions/new/ HTTP/1.1" 200 11810
"GET /static/js/sidebar.js HTTP/1.1" 404 1853
"GET /transactions/new/ HTTP/1.1" 200 11810
"GET /static/css/sidebar/sidebar.css HTTP/1.1" 304 0
"GET /static/js/sidebar.js HTTP/1.1" 404 1853
"GET /transactions/list/ HTTP/1.1" 200 8706
"GET /static/js/sidebar.js HTTP/1.1" 404 1853
"GET /transactions/list/ HTTP/1.1" 200 8706
"GET /static/css/sidebar/sidebar.css HTTP/1.1" 200 8630
"GET /static/js/sidebar.js HTTP/1.1" 404 1853
"GET /static/css/sidebar/sidebar.css HTTP/1.1" 304 0
Not Found: /.well-known/appspecific/com.chrome.devtools.json
"GET /.well-known/appspecific/com.chrome.devtools.json HTTP/1.1" 404 5480
"GET /transactions/list/ HTTP/1.1" 200 8692
Not Found: /.well-known/appspecific/com.chrome.devtools.json
"GET /.well-known/appspecific/com.chrome.devtools.json HTTP/1.1" 404 5480
"GET /static/css/sidebar/sidebar.css HTTP/1.1" 200 6553
"GET /static/js/sidebar.js HTTP/1.1" 404 1853
"GET /transactions/list/ HTTP/1.1" 200 8335
"GET /static/css/sidebar/sidebar.css HTTP/1.1" 200 6136
"GET /static/css/global.css HTTP/1.1" 200 1115
"GET /static/js/sidebar.js HTTP/1.1" 404 1853
"GET /static/css/transactions/transaction_history.css HTTP/1.1" 200 5378
"GET /static/js/global.js HTTP/1.1" 200 667
Not Found: /favicon.ico
"GET /favicon.ico HTTP/1.1" 404 5369
"GET /transactions/list/ HTTP/1.1" 200 8335
"GET /static/css/sidebar/sidebar.css HTTP/1.1" 200 6435
"GET /static/js/sidebar.js HTTP/1.1" 404 1853
"GET /transactions/list/ HTTP/1.1" 200 8692
"GET /static/css/sidebar/sidebar.css HTTP/1.1" 304 0
"GET /static/js/sidebar.js HTTP/1.1" 404 1853
"GET /transactions/list/ HTTP/1.1" 200 8692
"GET /static/css/sidebar/sidebar.css HTTP/1.1" 304 0
"GET /static/js/sidebar.js HTTP/1.1" 404 1853
"GET /transactions/list/ HTTP/1.1" 200 8692
"GET /static/css/sidebar/sidebar.css HTTP/1.1" 200 8630
"GET /static/js/sidebar.js HTTP/1.1" 404 1853
"GET /static/css/sidebar/sidebar.css HTTP/1.1" 304 0
Not Found: /.well-known/appspecific/com.chrome.devtools.json
"GET /.well-known/appspecific/com.chrome.devtools.json HTTP/1.1" 404 5480
"GET /transactions/list/ HTTP/1.1" 200 8692
Not Found: /.well-known/appspecific/com.chrome.devtools.json
"GET /.well-known/appspecific/com.chrome.devtools.json HTTP/1.1" 404 5480
"GET /static/css/sidebar/sidebar.css HTTP/1.1" 200 8654
"GET /static/js/sidebar.js HTTP/1.1" 404 1853
"GET /transactions/list/ HTTP/1.1" 200 8692
"GET /static/css/sidebar/sidebar.css HTTP/1.1" 200 8679
"GET /static/js/sidebar.js HTTP/1.1" 404 1853
"GET /transactions/list/ HTTP/1.1" 200 8692
"GET /static/css/sidebar/sidebar.css HTTP/1.1" 200 8698
"GET /static/js/sidebar.js HTTP/1.1" 404 1853
"GET /transactions/list/ HTTP/1.1" 200 8692
"GET /static/css/sidebar/sidebar.css HTTP/1.1" 200 8961
"GET /static/js/sidebar.js HTTP/1.1" 404 1853
"GET /transactions/list/ HTTP/1.1" 200 8692
"GET /static/css/sidebar/sidebar.css HTTP/1.1" 200 4699
"GET /static/js/sidebar.js HTTP/1.1" 404 1853
"GET /transactions/list/ HTTP/1.1" 200 8692
"GET /static/css/sidebar/sidebar.css HTTP/1.1" 200 8961
"GET /static/js/sidebar.js HTTP/1.1" 404 1853
"GET /transactions/list/ HTTP/1.1" 200 8692
"GET /static/css/sidebar/sidebar.css HTTP/1.1" 200 8995
"GET /static/js/sidebar.js HTTP/1.1" 404 1853
"GET /transactions/list/ HTTP/1.1" 200 8692
"GET /static/css/sidebar/sidebar.css HTTP/1.1" 200 8995
"GET /static/js/sidebar.js HTTP/1.1" 404 1853
"GET /transactions/list/ HTTP/1.1" 200 8692
"GET /static/css/sidebar/sidebar.css HTTP/1.1" 200 8995
"GET /static/js/sidebar.js HTTP/1.1" 404 1853
"GET /transactions/list/ HTTP/1.1" 200 8692
"GET /static/css/sidebar/sidebar.css HTTP/1.1" 200 8995
"GET /static/js/sidebar.js HTTP/1.1" 404 1853
"GET /transactions/list/ HTTP/1.1" 200 8692
"GET /static/css/sidebar/sidebar.css HTTP/1.1" 200 9013
"GET /static/js/sidebar.js HTTP/1.1" 404 1853
"GET /transactions/list/ HTTP/1.1" 200 8692
"GET /static/css/sidebar/sidebar.css HTTP/1.1" 200 9047
"GET /static/js/sidebar.js HTTP/1.1" 404 1853
"GET /transactions/list/ HTTP/1.1" 200 8692
"GET /static/css/sidebar/sidebar.css HTTP/1.1" 200 9047
"GET /static/js/sidebar.js HTTP/1.1" 404 1853
"GET /transactions/list/ HTTP/1.1" 200 8692
"GET /static/css/sidebar/sidebar.css HTTP/1.1" 200 9183
"GET /static/js/sidebar.js HTTP/1.1" 404 1853
"GET /transactions/list/ HTTP/1.1" 200 8692
"GET /static/css/sidebar/sidebar.css HTTP/1.1" 304 0
"GET /static/js/sidebar.js HTTP/1.1" 404 1853
"GET /transactions/list/ HTTP/1.1" 200 8692
"GET /static/css/sidebar/sidebar.css HTTP/1.1" 200 9389
"GET /static/js/sidebar.js HTTP/1.1" 404 1853
"GET /transactions/list/ HTTP/1.1" 200 8692
"GET /static/css/sidebar/sidebar.css HTTP/1.1" 200 9532
"GET /static/js/sidebar.js HTTP/1.1" 404 1853
"GET /transactions/list/ HTTP/1.1" 200 8692
"GET /static/css/sidebar/sidebar.css HTTP/1.1" 200 9532
"GET /static/js/sidebar.js HTTP/1.1" 404 1853
"GET /transactions/list/ HTTP/1.1" 200 8692
"GET /static/css/sidebar/sidebar.css HTTP/1.1" 200 9506
"GET /static/js/sidebar.js HTTP/1.1" 404 1853
"GET /transactions/list/ HTTP/1.1" 200 8692
"GET /static/css/sidebar/sidebar.css HTTP/1.1" 200 9506
"GET /static/js/sidebar.js HTTP/1.1" 404 1853
"GET /transactions/list/ HTTP/1.1" 200 8692
"GET /static/css/sidebar/sidebar.css HTTP/1.1" 200 9575
"GET /static/js/sidebar.js HTTP/1.1" 404 1853
"GET /static/css/sidebar/sidebar.css HTTP/1.1" 304 0
Not Found: /.well-known/appspecific/com.chrome.devtools.json
"GET /.well-known/appspecific/com.chrome.devtools.json HTTP/1.1" 404 5480
"GET /transactions/list/ HTTP/1.1" 200 8692
"GET /static/css/sidebar/sidebar.css HTTP/1.1" 200 9575
"GET /static/css/global.css HTTP/1.1" 200 1115
"GET /static/css/transactions/transaction_history.css HTTP/1.1" 200 5378
"GET /static/js/sidebar.js HTTP/1.1" 404 1853
"GET /static/js/global.js HTTP/1.1" 200 667
Not Found: /.well-known/appspecific/com.chrome.devtools.json
"GET /.well-known/appspecific/com.chrome.devtools.json HTTP/1.1" 404 5480
Not Found: /favicon.ico
"GET /favicon.ico HTTP/1.1" 404 5369
"GET /transactions/list/ HTTP/1.1" 200 8692
"GET /static/css/sidebar/sidebar.css HTTP/1.1" 200 12399
"GET /static/js/sidebar.js HTTP/1.1" 404 1853
Not Found: /.well-known/appspecific/com.chrome.devtools.json
"GET /.well-known/appspecific/com.chrome.devtools.json HTTP/1.1" 404 5480
"GET /transactions/list/ HTTP/1.1" 200 8692
"GET /static/css/sidebar/sidebar.css HTTP/1.1" 200 9575
"GET /static/js/sidebar.js HTTP/1.1" 404 1853
Not Found: /.well-known/appspecific/com.chrome.devtools.json
"GET /.well-known/appspecific/com.chrome.devtools.json HTTP/1.1" 404 5480
"GET /transactions/list/ HTTP/1.1" 200 8692
"GET /static/js/sidebar.js HTTP/1.1" 404 1853
"GET /static/css/sidebar/sidebar.css HTTP/1.1" 200 9575
"GET /transactions/list/ HTTP/1.1" 200 8692
"GET /static/css/sidebar/sidebar.css HTTP/1.1" 200 9575
"GET /static/js/sidebar.js HTTP/1.1" 404 1853
"GET /transactions/list/ HTTP/1.1" 200 8692
"GET /static/css/sidebar/sidebar.css HTTP/1.1" 200 9594
"GET /static/js/sidebar.js HTTP/1.1" 404 1853
"GET /transactions/list/ HTTP/1.1" 200 8692
"GET /static/css/sidebar/sidebar.css HTTP/1.1" 200 9642
"GET /static/js/sidebar.js HTTP/1.1" 404 1853
"GET / HTTP/1.1" 200 4482
"GET /static/css/sidebar/sidebar.css HTTP/1.1" 200 9668
"GET /static/js/sidebar.js HTTP/1.1" 404 1853
"GET / HTTP/1.1" 200 4482
"GET /static/css/sidebar/sidebar.css HTTP/1.1" 200 9687
"GET /static/js/sidebar.js HTTP/1.1" 404 1853
"GET / HTTP/1.1" 200 4482
"GET /static/css/sidebar/sidebar.css HTTP/1.1" 200 9719
"GET /static/js/sidebar.js HTTP/1.1" 404 1853
"GET / HTTP/1.1" 200 4482
"GET /static/css/sidebar/sidebar.css HTTP/1.1" 200 9899
"GET /static/js/sidebar.js HTTP/1.1" 404 1853
"GET / HTTP/1.1" 200 4482
"GET /static/css/sidebar/sidebar.css HTTP/1.1" 200 9920
"GET /static/js/sidebar.js HTTP/1.1" 404 1853
"GET / HTTP/1.1" 200 4482
"GET /static/css/sidebar/sidebar.css HTTP/1.1" 200 10003
"GET /static/js/sidebar.js HTTP/1.1" 404 1853
"GET / HTTP/1.1" 200 4482
"GET /static/css/sidebar/sidebar.css HTTP/1.1" 200 9999
"GET /static/js/sidebar.js HTTP/1.1" 404 1853
"GET /transactions/new/ HTTP/1.1" 200 11796
"GET /static/css/sidebar/sidebar.css HTTP/1.1" 304 0
"GET /static/js/sidebar.js HTTP/1.1" 404 1853
"GET /transactions/new/ HTTP/1.1" 200 11796
"GET /static/css/sidebar/sidebar.css HTTP/1.1" 200 9965
"GET /static/js/sidebar.js HTTP/1.1" 404 1853
"GET /transactions/new/ HTTP/1.1" 200 11796
"GET /static/css/sidebar/sidebar.css HTTP/1.1" 200 9982
"GET /static/js/sidebar.js HTTP/1.1" 404 1853
"GET /transactions/new/ HTTP/1.1" 200 11796
"GET /static/js/sidebar.js HTTP/1.1" 404 1853
"GET /static/css/sidebar/sidebar.css HTTP/1.1" 200 9965
"GET /static/css/sidebar/sidebar.css HTTP/1.1" 304 0
Not Found: /.well-known/appspecific/com.chrome.devtools.json
"GET /.well-known/appspecific/com.chrome.devtools.json HTTP/1.1" 404 5480
"GET /transactions/new/ HTTP/1.1" 200 11796
"GET /static/css/sidebar/sidebar.css HTTP/1.1" 200 9913
"GET /static/js/sidebar.js HTTP/1.1" 404 1853
Not Found: /.well-known/appspecific/com.chrome.devtools.json
"GET /.well-known/appspecific/com.chrome.devtools.json HTTP/1.1" 404 5480
"GET /static/css/sidebar/sidebar.css HTTP/1.1" 304 0
Not Found: /.well-known/appspecific/com.chrome.devtools.json
"GET /.well-known/appspecific/com.chrome.devtools.json HTTP/1.1" 404 5480
"GET /transactions/new/ HTTP/1.1" 200 11796
Not Found: /.well-known/appspecific/com.chrome.devtools.json
"GET /.well-known/appspecific/com.chrome.devtools.json HTTP/1.1" 404 5480
"GET /static/css/sidebar/sidebar.css HTTP/1.1" 200 9913
"GET /static/js/sidebar.js HTTP/1.1" 404 1853
"GET /transactions/new/ HTTP/1.1" 200 11796
"GET /static/css/sidebar/sidebar.css HTTP/1.1" 200 9892
"GET /static/js/sidebar.js HTTP/1.1" 404 1853
Not Found: /.well-known/appspecific/com.chrome.devtools.json
"GET /.well-known/appspecific/com.chrome.devtools.json HTTP/1.1" 404 5480
"GET /transactions/new/ HTTP/1.1" 200 11796
"GET /static/js/sidebar.js HTTP/1.1" 404 1853
"GET /static/css/sidebar/sidebar.css HTTP/1.1" 200 9892
Not Found: /.well-known/appspecific/com.chrome.devtools.json
"GET /.well-known/appspecific/com.chrome.devtools.json HTTP/1.1" 404 5480
"GET /transactions/new/ HTTP/1.1" 200 11796
"GET /static/css/sidebar/sidebar.css HTTP/1.1" 200 9892
"GET /static/js/sidebar.js HTTP/1.1" 404 1853
Not Found: /.well-known/appspecific/com.chrome.devtools.json
"GET /.well-known/appspecific/com.chrome.devtools.json HTTP/1.1" 404 5480
"GET /transactions/new/ HTTP/1.1" 200 11796
"GET /static/css/sidebar/sidebar.css HTTP/1.1" 200 9892
"GET /static/js/sidebar.js HTTP/1.1" 404 1853
Not Found: /.well-known/appspecific/com.chrome.devtools.json
"GET /.well-known/appspecific/com.chrome.devtools.json HTTP/1.1" 404 5480
"GET /transactions/new/ HTTP/1.1" 200 11796
"GET /static/css/sidebar/sidebar.css HTTP/1.1" 200 9922
"GET /static/js/sidebar.js HTTP/1.1" 404 1853
Not Found: /.well-known/appspecific/com.chrome.devtools.json
"GET /.well-known/appspecific/com.chrome.devtools.json HTTP/1.1" 404 5480
"GET /transactions/new/ HTTP/1.1" 200 11796
Not Found: /.well-known/appspecific/com.chrome.devtools.json
"GET /.well-known/appspecific/com.chrome.devtools.json HTTP/1.1" 404 5480
"GET /static/css/sidebar/sidebar.css HTTP/1.1" 304 0
"GET /static/js/sidebar.js HTTP/1.1" 404 1853
"GET /transactions/list/ HTTP/1.1" 200 8692
"GET /static/js/sidebar.js HTTP/1.1" 404 1853
"GET /transactions/new/ HTTP/1.1" 200 11796
"GET /static/js/sidebar.js HTTP/1.1" 404 1853
"GET /transactions/new/ HTTP/1.1" 200 11796
"GET /static/css/sidebar/sidebar.css HTTP/1.1" 200 10137
"GET /static/js/sidebar.js HTTP/1.1" 404 1853
"GET /transactions/new/ HTTP/1.1" 200 11796
"GET /static/css/sidebar/sidebar.css HTTP/1.1" 200 10111
"GET /static/js/sidebar.js HTTP/1.1" 404 1853
"GET /transactions/new/ HTTP/1.1" 200 11796
"GET /static/css/sidebar/sidebar.css HTTP/1.1" 200 10111
"GET /static/css/global.css HTTP/1.1" 200 1115
"GET /static/css/transactions/transaction.css HTTP/1.1" 200 7430
"GET /static/js/sidebar.js HTTP/1.1" 404 1853
"GET /static/img/box-in.png HTTP/1.1" 200 10894
"GET /static/img/box-out.png HTTP/1.1" 200 10897
"GET /static/js/global.js HTTP/1.1" 200 667
"GET /static/js/transactions/transaction-form.js HTTP/1.1" 200 9039
Not Found: /favicon.ico
"GET /favicon.ico HTTP/1.1" 404 5369
"GET /transactions/new/ HTTP/1.1" 200 11796
"GET /static/css/sidebar/sidebar.css HTTP/1.1" 200 10141
"GET /static/js/sidebar.js HTTP/1.1" 404 1853
"GET /home/ HTTP/1.1" 200 4482
"GET /static/css/sidebar/sidebar.css HTTP/1.1" 304 0
"GET /static/js/sidebar.js HTTP/1.1" 404 1853
"GET /transactions/new/ HTTP/1.1" 200 11796
"GET /static/css/sidebar/sidebar.css HTTP/1.1" 304 0
"GET /static/js/sidebar.js HTTP/1.1" 404 1853
"GET /transactions/new/ HTTP/1.1" 200 11796
"GET /static/css/sidebar/sidebar.css HTTP/1.1" 200 10120
"GET /static/js/sidebar.js HTTP/1.1" 404 1853
"GET /transactions/new/ HTTP/1.1" 200 11796
"GET /static/css/sidebar/sidebar.css HTTP/1.1" 200 10093
"GET /static/js/sidebar.js HTTP/1.1" 404 1853
"GET /transactions/new/ HTTP/1.1" 200 11796
"GET /static/css/sidebar/sidebar.css HTTP/1.1" 200 10064
"GET /static/js/sidebar.js HTTP/1.1" 404 1853
"GET /transactions/new/ HTTP/1.1" 200 11796
"GET /static/css/sidebar/sidebar.css HTTP/1.1" 200 10064
"GET /static/css/global.css HTTP/1.1" 200 1115
"GET /static/css/transactions/transaction.css HTTP/1.1" 200 7430
"GET /static/js/sidebar.js HTTP/1.1" 404 1853
"GET /static/img/box-in.png HTTP/1.1" 200 10894
"GET /static/js/global.js HTTP/1.1" 200 667
"GET /static/img/box-out.png HTTP/1.1" 200 10897
"GET /static/js/transactions/transaction-form.js HTTP/1.1" 200 9039
Not Found: /favicon.ico
"GET /favicon.ico HTTP/1.1" 404 5369
"GET /transactions/new/ HTTP/1.1" 200 11796
"GET /static/css/sidebar/sidebar.css HTTP/1.1" 200 10082
"GET /static/css/global.css HTTP/1.1" 200 1115
"GET /static/css/transactions/transaction.css HTTP/1.1" 200 7430
"GET /static/img/box-in.png HTTP/1.1" 200 10894
"GET /static/img/box-out.png HTTP/1.1" 200 10897
"GET /static/js/sidebar.js HTTP/1.1" 404 1853
"GET /static/js/global.js HTTP/1.1" 200 667
"GET /static/js/transactions/transaction-form.js HTTP/1.1" 200 9039
Not Found: /favicon.ico
"GET /favicon.ico HTTP/1.1" 404 5369
"GET /transactions/new/ HTTP/1.1" 200 11796
"GET /static/css/sidebar/sidebar.css HTTP/1.1" 200 10190
"GET /static/css/global.css HTTP/1.1" 200 1115
"GET /static/css/transactions/transaction.css HTTP/1.1" 200 7430
"GET /static/img/box-in.png HTTP/1.1" 200 10894
"GET /static/img/box-out.png HTTP/1.1" 200 10897
"GET /static/js/sidebar.js HTTP/1.1" 404 1853
"GET /static/js/global.js HTTP/1.1" 200 667
"GET /static/js/transactions/transaction-form.js HTTP/1.1" 200 9039
Not Found: /favicon.ico
"GET /favicon.ico HTTP/1.1" 404 5369
"GET /transactions/new/ HTTP/1.1" 200 11796
"GET /static/css/sidebar/sidebar.css HTTP/1.1" 200 10190
"GET /static/js/sidebar.js HTTP/1.1" 404 1853
"GET /transactions/new/ HTTP/1.1" 200 11796
"GET /static/css/sidebar/sidebar.css HTTP/1.1" 200 10202
"GET /static/js/sidebar.js HTTP/1.1" 404 1853
"GET /transactions/new/ HTTP/1.1" 200 11796
"GET /static/css/sidebar/sidebar.css HTTP/1.1" 304 0
"GET /static/js/sidebar.js HTTP/1.1" 404 1853
"GET /transactions/new/ HTTP/1.1" 200 11796
"GET /static/css/sidebar/sidebar.css HTTP/1.1" 200 10222
"GET /static/js/sidebar.js HTTP/1.1" 404 1853
"GET /transactions/new/ HTTP/1.1" 200 11796
"GET /static/css/sidebar/sidebar.css HTTP/1.1" 200 10411
"GET /static/js/sidebar.js HTTP/1.1" 404 1853
"GET /transactions/new/ HTTP/1.1" 200 11796
"GET /static/js/sidebar.js HTTP/1.1" 404 1853
"GET /static/css/sidebar/sidebar.css HTTP/1.1" 200 10636
"GET /transactions/list/ HTTP/1.1" 200 8692
"GET /static/css/sidebar/sidebar.css HTTP/1.1" 304 0
"GET /static/js/sidebar.js HTTP/1.1" 404 1853
"GET /transactions/list/ HTTP/1.1" 200 8692
"GET /static/css/sidebar/sidebar.css HTTP/1.1" 200 10636
"GET /static/js/sidebar.js HTTP/1.1" 404 1853
"GET /transactions/list/ HTTP/1.1" 200 8692
"GET /static/js/sidebar.js HTTP/1.1" 404 1853
"GET /static/css/sidebar/sidebar.css HTTP/1.1" 200 10647
"GET /transactions/list/ HTTP/1.1" 200 8692
"GET /static/css/sidebar/sidebar.css HTTP/1.1" 200 10647
"GET /static/css/global.css HTTP/1.1" 200 1115
"GET /static/css/transactions/transaction_history.css HTTP/1.1" 200 5378
"GET /static/js/sidebar.js HTTP/1.1" 404 1853
"GET /static/js/global.js HTTP/1.1" 200 667
Not Found: /favicon.ico
"GET /favicon.ico HTTP/1.1" 404 5369
"GET /transactions/list/ HTTP/1.1" 200 8692
"GET /static/css/global.css HTTP/1.1" 200 1115
"GET /static/css/sidebar/sidebar.css HTTP/1.1" 200 10647
"GET /static/js/sidebar.js HTTP/1.1" 404 1853
"GET /static/css/transactions/transaction_history.css HTTP/1.1" 200 5378
"GET /static/js/global.js HTTP/1.1" 200 667
Not Found: /favicon.ico
"GET /favicon.ico HTTP/1.1" 404 5369
"GET /transactions/list/ HTTP/1.1" 200 8692
"GET /static/js/sidebar.js HTTP/1.1" 404 1853
"GET /static/css/sidebar/sidebar.css HTTP/1.1" 200 10672
"GET /transactions/list/ HTTP/1.1" 200 8692
"GET /static/css/sidebar/sidebar.css HTTP/1.1" 304 0
"GET /static/js/sidebar.js HTTP/1.1" 404 1853
"GET /transactions/list/ HTTP/1.1" 200 8692
"GET /static/css/sidebar/sidebar.css HTTP/1.1" 200 10672
"GET /static/css/global.css HTTP/1.1" 200 1115
"GET /static/css/transactions/transaction_history.css HTTP/1.1" 200 5378
"GET /static/js/sidebar.js HTTP/1.1" 404 1853
"GET /static/js/global.js HTTP/1.1" 200 667
Not Found: /favicon.ico
"GET /favicon.ico HTTP/1.1" 404 5369
"GET /transactions/list/ HTTP/1.1" 200 8692
"GET /static/css/sidebar/sidebar.css HTTP/1.1" 304 0
"GET /static/js/sidebar.js HTTP/1.1" 404 1853
"GET /transactions/list/ HTTP/1.1" 200 8692
"GET /static/js/sidebar.js HTTP/1.1" 404 1853
"GET /static/css/sidebar/sidebar.css HTTP/1.1" 200 9466
"GET /home/ HTTP/1.1" 200 4482
"GET /static/css/sidebar/sidebar.css HTTP/1.1" 304 0
"GET /static/js/sidebar.js HTTP/1.1" 404 1853
"GET /transactions/new/ HTTP/1.1" 200 11796
"GET /static/css/sidebar/sidebar.css HTTP/1.1" 304 0
"GET /static/js/sidebar.js HTTP/1.1" 404 1853
"GET /transactions/list/ HTTP/1.1" 200 8692
"GET /static/css/sidebar/sidebar.css HTTP/1.1" 304 0
"GET /static/js/sidebar.js HTTP/1.1" 404 1853
"GET /transactions/list/ HTTP/1.1" 200 8692
"GET /static/css/sidebar/sidebar.css HTTP/1.1" 304 0
"GET /static/css/global.css HTTP/1.1" 304 0
"GET /static/css/transactions/transaction_history.css HTTP/1.1" 304 0
"GET /static/js/sidebar.js HTTP/1.1" 404 1853
Not Found: /.well-known/appspecific/com.chrome.devtools.json
"GET /.well-known/appspecific/com.chrome.devtools.json HTTP/1.1" 404 5480
"GET /transactions/list/ HTTP/1.1" 200 8692
Not Found: /.well-known/appspecific/com.chrome.devtools.json
"GET /.well-known/appspecific/com.chrome.devtools.json HTTP/1.1" 404 5480
"GET /static/js/sidebar.js HTTP/1.1" 404 1853
"GET /transactions/list/ HTTP/1.1" 200 8692
"GET /static/js/sidebar.js HTTP/1.1" 404 1853
"GET /home/ HTTP/1.1" 200 4482
"GET /static/js/sidebar.js HTTP/1.1" 404 1853
"GET /transactions/new/ HTTP/1.1" 200 11796
"GET /static/css/transactions/transaction.css HTTP/1.1" 304 0
"GET /static/js/sidebar.js HTTP/1.1" 404 1853
"GET /static/js/transactions/transaction-form.js HTTP/1.1" 304 0
"GET /transactions/new/ HTTP/1.1" 200 11796
"GET /static/js/sidebar.js HTTP/1.1" 404 1853
"GET /transactions/list/ HTTP/1.1" 200 8692
"GET /static/js/sidebar.js HTTP/1.1" 404 1853
"GET /transactions/new/ HTTP/1.1" 200 11796
"GET /static/js/sidebar.js HTTP/1.1" 404 1853
"GET /transactions/list/ HTTP/1.1" 200 8692
"GET /static/js/sidebar.js HTTP/1.1" 404 1853
"GET /transactions/list/ HTTP/1.1" 200 9760
"GET /static/js/sidebar.js HTTP/1.1" 404 1853
"GET /transactions/list/ HTTP/1.1" 200 9760
"GET /static/js/sidebar.js HTTP/1.1" 404 1853
"GET /transactions/list/ HTTP/1.1" 200 8413
"GET /static/js/sidebar.js HTTP/1.1" 404 1853
"GET /transactions/list/ HTTP/1.1" 200 8413
"GET /static/js/sidebar.js HTTP/1.1" 404 1853
"GET /transactions/list/ HTTP/1.1" 200 8413
"GET /static/js/sidebar.js HTTP/1.1" 404 1853
"GET /transactions/list/ HTTP/1.1" 200 8413
"GET /static/css/sidebar/sidebar.css HTTP/1.1" 200 9466
"GET /static/css/global.css HTTP/1.1" 200 1115
"GET /static/css/transactions/transaction_history.css HTTP/1.1" 200 3023
"GET /static/js/sidebar.js HTTP/1.1" 404 1853
"GET /static/js/global.js HTTP/1.1" 200 667
Not Found: /favicon.ico
"GET /favicon.ico HTTP/1.1" 404 5369
"GET /transactions/list/?start=2026-01-02&end=2026-01-02&id_category= HTTP/1.1" 200 5942
"GET /static/css/transactions/transaction_history.css HTTP/1.1" 304 0
"GET /static/js/sidebar.js HTTP/1.1" 404 1853
"GET /transactions/list/?start=2026-01-02&end=2026-01-02&id_category= HTTP/1.1" 200 5942
"GET /static/css/transactions/transaction_history.css HTTP/1.1" 304 0
"GET /static/js/sidebar.js HTTP/1.1" 404 1853
"GET /transactions/list/?start=2026-01-02&end=2026-01-02&id_category= HTTP/1.1" 200 5942
"GET /static/css/transactions/transaction_history.css HTTP/1.1" 304 0
"GET /static/js/sidebar.js HTTP/1.1" 404 1853
"GET /transactions/list/?start=2026-01-02&end=2026-01-02&id_category= HTTP/1.1" 200 5942
"GET /static/js/sidebar.js HTTP/1.1" 404 1853
"GET /transactions/list/?start=2026-01-02&end=2026-01-02&id_category= HTTP/1.1" 200 5942
"GET /static/css/sidebar/sidebar.css HTTP/1.1" 200 9466
"GET /static/css/global.css HTTP/1.1" 200 1115
"GET /static/css/transactions/transaction_history.css HTTP/1.1" 200 3023
"GET /static/js/sidebar.js HTTP/1.1" 404 1853
"GET /static/js/global.js HTTP/1.1" 200 667
Not Found: /favicon.ico
"GET /favicon.ico HTTP/1.1" 404 5369
"GET /transactions/new/ HTTP/1.1" 200 11796
"GET /static/js/sidebar.js HTTP/1.1" 404 1853
"GET /transactions/list/ HTTP/1.1" 200 8413
"GET /static/js/sidebar.js HTTP/1.1" 404 1853
"GET /static/css/sidebar/sidebar.css HTTP/1.1" 304 0
"GET /static/css/transactions/transaction_history.css HTTP/1.1" 304 0
Not Found: /.well-known/appspecific/com.chrome.devtools.json
"GET /.well-known/appspecific/com.chrome.devtools.json HTTP/1.1" 404 5480
"GET /transactions/list/ HTTP/1.1" 200 8413
"GET /static/css/sidebar/sidebar.css HTTP/1.1" 200 9466
"GET /static/css/global.css HTTP/1.1" 200 1115
"GET /static/css/transactions/transaction_history.css HTTP/1.1" 200 3017
"GET /static/js/sidebar.js HTTP/1.1" 404 1853
"GET /static/js/global.js HTTP/1.1" 200 667
Not Found: /.well-known/appspecific/com.chrome.devtools.json
"GET /.well-known/appspecific/com.chrome.devtools.json HTTP/1.1" 404 5480
Not Found: /favicon.ico
"GET /favicon.ico HTTP/1.1" 404 5369
"GET /transactions/list/ HTTP/1.1" 200 8413
"GET /static/css/sidebar/sidebar.css HTTP/1.1" 200 9466
"GET /static/css/global.css HTTP/1.1" 200 1115
"GET /static/css/transactions/transaction_history.css HTTP/1.1" 200 3163
Not Found: /.well-known/appspecific/com.chrome.devtools.json
"GET /.well-known/appspecific/com.chrome.devtools.json HTTP/1.1" 404 5480
"GET /static/js/sidebar.js HTTP/1.1" 404 1853
"GET /static/js/global.js HTTP/1.1" 200 667
Not Found: /favicon.ico
"GET /favicon.ico HTTP/1.1" 404 5369
"GET /transactions/list/ HTTP/1.1" 200 8413
Not Found: /.well-known/appspecific/com.chrome.devtools.json
"GET /.well-known/appspecific/com.chrome.devtools.json HTTP/1.1" 404 5480
"GET /static/css/transactions/transaction_history.css HTTP/1.1" 304 0
"GET /static/js/sidebar.js HTTP/1.1" 404 1853
"GET /static/css/transactions/transaction_history.css HTTP/1.1" 304 0
Not Found: /.well-known/appspecific/com.chrome.devtools.json
"GET /.well-known/appspecific/com.chrome.devtools.json HTTP/1.1" 404 5480
Not Found: /.well-known/appspecific/com.chrome.devtools.json
"GET /.well-known/appspecific/com.chrome.devtools.json HTTP/1.1" 404 5480
Not Found: /.well-known/appspecific/com.chrome.devtools.json
"GET /.well-known/appspecific/com.chrome.devtools.json HTTP/1.1" 404 5480
"GET /transactions/list/ HTTP/1.1" 200 8413
"GET /static/css/transactions/transaction_history.css HTTP/1.1" 304 0
"GET /static/js/sidebar.js HTTP/1.1" 404 1853
"GET /static/css/transactions/transaction_history.css HTTP/1.1" 304 0
Not Found: /.well-known/appspecific/com.chrome.devtools.json
"GET /.well-known/appspecific/com.chrome.devtools.json HTTP/1.1" 404 5480
"GET /transactions/list/ HTTP/1.1" 200 8413
"GET /static/css/global.css HTTP/1.1" 200 1115
"GET /static/css/sidebar/sidebar.css HTTP/1.1" 200 9466
"GET /static/css/transactions/transaction_history.css HTTP/1.1" 200 3163
"GET /static/js/sidebar.js HTTP/1.1" 404 1853
"GET /static/js/global.js HTTP/1.1" 200 667
Not Found: /.well-known/appspecific/com.chrome.devtools.json
"GET /.well-known/appspecific/com.chrome.devtools.json HTTP/1.1" 404 5480
Not Found: /favicon.ico
"GET /favicon.ico HTTP/1.1" 404 5369
"GET /transactions/list/ HTTP/1.1" 200 8428
"GET /static/css/sidebar/sidebar.css HTTP/1.1" 200 9466
"GET /static/css/global.css HTTP/1.1" 200 1115
"GET /static/css/transactions/transaction_history.css HTTP/1.1" 200 3163
"GET /static/js/sidebar.js HTTP/1.1" 404 1853
"GET /static/js/global.js HTTP/1.1" 200 667
Not Found: /favicon.ico
"GET /favicon.ico HTTP/1.1" 404 5369
"GET /transactions/list/ HTTP/1.1" 200 8428
"GET /static/css/transactions/transaction_history.css HTTP/1.1" 304 0
"GET /static/js/sidebar.js HTTP/1.1" 404 1853
"GET /transactions/list/ HTTP/1.1" 200 8428
"GET /static/js/sidebar.js HTTP/1.1" 404 1853
"GET /transactions/list/ HTTP/1.1" 200 8428
"GET /static/css/sidebar/sidebar.css HTTP/1.1" 200 9466
"GET /static/css/global.css HTTP/1.1" 200 1115
"GET /static/css/transactions/transaction_history.css HTTP/1.1" 200 3163
"GET /static/js/sidebar.js HTTP/1.1" 404 1853
"GET /static/js/global.js HTTP/1.1" 200 667
Not Found: /favicon.ico
"GET /favicon.ico HTTP/1.1" 404 5369
"GET /transactions/list/ HTTP/1.1" 200 8428
"GET /static/css/sidebar/sidebar.css HTTP/1.1" 200 9466
"GET /static/css/global.css HTTP/1.1" 200 1115
"GET /static/css/transactions/transaction_history.css HTTP/1.1" 200 3163
"GET /static/js/sidebar.js HTTP/1.1" 404 1853
"GET /static/js/global.js HTTP/1.1" 200 667
Not Found: /favicon.ico
"GET /favicon.ico HTTP/1.1" 404 5369
- Broken pipe from ('127.0.0.1', 61803)
"GET / HTTP/1.1" 200 4482
"GET /static/js/sidebar.js HTTP/1.1" 404 1853
Not Found: /favicon.ico
"GET /favicon.ico HTTP/1.1" 404 5369
"GET /transactions/list/ HTTP/1.1" 200 8428
"GET /static/js/sidebar.js HTTP/1.1" 404 1853
"GET /transactions/list/ HTTP/1.1" 200 8428
"GET /static/css/sidebar/sidebar.css HTTP/1.1" 200 9466
"GET /static/css/global.css HTTP/1.1" 200 1115
"GET /static/css/transactions/transaction_history.css HTTP/1.1" 200 3163
"GET /static/js/sidebar.js HTTP/1.1" 404 1853
"GET /static/js/global.js HTTP/1.1" 200 667
Not Found: /favicon.ico
"GET /favicon.ico HTTP/1.1" 404 5369
"GET /transactions/list/ HTTP/1.1" 200 8428
"GET /static/css/transactions/transaction_history.css HTTP/1.1" 200 3163
"GET /static/css/global.css HTTP/1.1" 200 1115
"GET /static/js/sidebar.js HTTP/1.1" 404 1853
"GET /static/css/sidebar/sidebar.css HTTP/1.1" 200 9466
"GET /static/js/global.js HTTP/1.1" 200 667
Not Found: /favicon.ico
"GET /favicon.ico HTTP/1.1" 404 5369
"GET /transactions/list/ HTTP/1.1" 200 8428
"GET /static/js/sidebar.js HTTP/1.1" 404 1853
"GET /static/css/sidebar/sidebar.css HTTP/1.1" 200 9466
"GET /static/css/transactions/transaction_history.css HTTP/1.1" 200 3163
"GET /static/css/global.css HTTP/1.1" 200 1115
"GET /static/js/global.js HTTP/1.1" 200 667
Not Found: /favicon.ico
"GET /favicon.ico HTTP/1.1" 404 5369
"GET /transactions/list/ HTTP/1.1" 200 8428
"GET /static/css/transactions/transaction_history.css HTTP/1.1" 200 3163
"GET /static/css/global.css HTTP/1.1" 200 1115
"GET /static/js/sidebar.js HTTP/1.1" 404 1853
"GET /static/css/sidebar/sidebar.css HTTP/1.1" 200 9466
"GET /static/js/global.js HTTP/1.1" 200 667
Not Found: /favicon.ico
"GET /favicon.ico HTTP/1.1" 404 5369
"GET /transactions/list/ HTTP/1.1" 200 8428
"GET /static/css/global.css HTTP/1.1" 200 1115
"GET /static/css/sidebar/sidebar.css HTTP/1.1" 200 9466
"GET /static/js/sidebar.js HTTP/1.1" 404 1853
"GET /static/css/transactions/transaction_history.css HTTP/1.1" 200 3163
"GET /static/js/global.js HTTP/1.1" 200 667
Not Found: /favicon.ico
"GET /favicon.ico HTTP/1.1" 404 5369
"GET /transactions/list/ HTTP/1.1" 200 8428
"GET /static/css/transactions/transaction_history.css HTTP/1.1" 200 3163
"GET /static/css/global.css HTTP/1.1" 200 1115
"GET /static/css/sidebar/sidebar.css HTTP/1.1" 200 9466
"GET /static/js/sidebar.js HTTP/1.1" 404 1853
"GET /static/js/global.js HTTP/1.1" 200 667
Not Found: /favicon.ico
"GET /favicon.ico HTTP/1.1" 404 5369
"GET /transactions/list/ HTTP/1.1" 200 8428
"GET /static/css/transactions/transaction_history.css HTTP/1.1" 304 0
"GET /static/js/sidebar.js HTTP/1.1" 404 1853
"GET /transactions/new/ HTTP/1.1" 200 11796
"GET /static/js/sidebar.js HTTP/1.1" 404 1853
"GET /transactions/list/ HTTP/1.1" 200 8428
"GET /static/js/sidebar.js HTTP/1.1" 404 1853
"GET /transactions/new/ HTTP/1.1" 200 11796
"GET /static/js/sidebar.js HTTP/1.1" 404 1853
"GET /transactions/list/ HTTP/1.1" 200 8428
"GET /static/js/sidebar.js HTTP/1.1" 404 1853
"GET /transactions/list/ HTTP/1.1" 200 8428
"GET /static/js/sidebar.js HTTP/1.1" 404 1853
C:\Users\muril\ledger\backend\transactions\views.py changed, reloading.
Watching for file changes with StatReloader
Internal Server Error: /transactions/list/
Traceback (most recent call last):
  File "C:\Users\muril\ledger\.venv\Lib\site-packages\django\template\base.py", line 577, in parse
    compile_func = self.tags[command]
                   ~~~~~~~~~^^^^^^^^^
KeyError: 'empty'

During handling of the above exception, another exception occurred:

Traceback (most recent call last):
  File "C:\Users\muril\ledger\.venv\Lib\site-packages\django\core\handlers\exception.py", line 55, in inner
    response = get_response(request)
  File "C:\Users\muril\ledger\.venv\Lib\site-packages\django\core\handlers\base.py", line 198, in _get_response
    response = wrapped_callback(request, *callback_args, **callback_kwargs)
  File "C:\Users\muril\ledger\.venv\Lib\site-packages\django\views\generic\base.py", line 106, in view
    return self.dispatch(request, *args, **kwargs)
           ~~~~~~~~~~~~~^^^^^^^^^^^^^^^^^^^^^^^^^^
  File "C:\Users\muril\ledger\.venv\Lib\site-packages\django\contrib\auth\mixins.py", line 74, in dispatch
    return super().dispatch(request, *args, **kwargs)
           ~~~~~~~~~~~~~~~~^^^^^^^^^^^^^^^^^^^^^^^^^^
  File "C:\Users\muril\ledger\.venv\Lib\site-packages\django\views\generic\base.py", line 145, in dispatch
    return handler(request, *args, **kwargs)
  File "C:\Users\muril\ledger\backend\transactions\views.py", line 71, in get
    return render(request, self.template_name, context)
  File "C:\Users\muril\ledger\.venv\Lib\site-packages\django\shortcuts.py", line 25, in render
    content = loader.render_to_string(template_name, context, request, using=using)
  File "C:\Users\muril\ledger\.venv\Lib\site-packages\django\template\loader.py", line 61, in render_to_string
    template = get_template(template_name, using=using)
  File "C:\Users\muril\ledger\.venv\Lib\site-packages\django\template\loader.py", line 15, in get_template
    return engine.get_template(template_name)
           ~~~~~~~~~~~~~~~~~~~^^^^^^^^^^^^^^^
  File "C:\Users\muril\ledger\.venv\Lib\site-packages\django\template\backends\django.py", line 79, in get_template
    return Template(self.engine.get_template(template_name), self)
                    ~~~~~~~~~~~~~~~~~~~~~~~~^^^^^^^^^^^^^^^
  File "C:\Users\muril\ledger\.venv\Lib\site-packages\django\template\engine.py", line 186, in get_template
    template, origin = self.find_template(template_name)
                       ~~~~~~~~~~~~~~~~~~^^^^^^^^^^^^^^^
  File "C:\Users\muril\ledger\.venv\Lib\site-packages\django\template\engine.py", line 159, in find_template
    template = loader.get_template(name, skip=skip)
  File "C:\Users\muril\ledger\.venv\Lib\site-packages\django\template\loaders\cached.py", line 57, in get_template
    template = super().get_template(template_name, skip)
  File "C:\Users\muril\ledger\.venv\Lib\site-packages\django\template\loaders\base.py", line 28, in get_template
    return Template(
        contents,
    ...<2 lines>...
        self.engine,
    )
  File "C:\Users\muril\ledger\.venv\Lib\site-packages\django\template\base.py", line 157, in __init__
    self.nodelist = self.compile_nodelist()
                    ~~~~~~~~~~~~~~~~~~~~~^^
  File "C:\Users\muril\ledger\.venv\Lib\site-packages\django\template\base.py", line 199, in compile_nodelist
    nodelist = parser.parse()
  File "C:\Users\muril\ledger\.venv\Lib\site-packages\django\template\base.py", line 585, in parse
    raise self.error(token, e)
  File "C:\Users\muril\ledger\.venv\Lib\site-packages\django\template\base.py", line 583, in parse
    compiled_result = compile_func(self, token)
  File "C:\Users\muril\ledger\.venv\Lib\site-packages\django\template\loader_tags.py", line 307, in do_extends
    nodelist = parser.parse()
  File "C:\Users\muril\ledger\.venv\Lib\site-packages\django\template\base.py", line 585, in parse
    raise self.error(token, e)
  File "C:\Users\muril\ledger\.venv\Lib\site-packages\django\template\base.py", line 583, in parse
    compiled_result = compile_func(self, token)
  File "C:\Users\muril\ledger\.venv\Lib\site-packages\django\template\loader_tags.py", line 235, in do_block
    nodelist = parser.parse(("endblock",))
  File "C:\Users\muril\ledger\.venv\Lib\site-packages\django\template\base.py", line 585, in parse
    raise self.error(token, e)
  File "C:\Users\muril\ledger\.venv\Lib\site-packages\django\template\base.py", line 583, in parse
    compiled_result = compile_func(self, token)
  File "C:\Users\muril\ledger\.venv\Lib\site-packages\django\template\defaulttags.py", line 894, in do_for
    nodelist_loop = parser.parse(
        (
    ...<2 lines>...
        )
    )
  File "C:\Users\muril\ledger\.venv\Lib\site-packages\django\template\base.py", line 585, in parse
    raise self.error(token, e)
  File "C:\Users\muril\ledger\.venv\Lib\site-packages\django\template\base.py", line 583, in parse
    compiled_result = compile_func(self, token)
  File "C:\Users\muril\ledger\.venv\Lib\site-packages\django\template\defaulttags.py", line 994, in do_if
    nodelist = parser.parse(("elif", "else", "endif"))
  File "C:\Users\muril\ledger\.venv\Lib\site-packages\django\template\base.py", line 579, in parse
    self.invalid_block_tag(token, command, parse_until)
    ~~~~~~~~~~~~~~~~~~~~~~^^^^^^^^^^^^^^^^^^^^^^^^^^^^^
  File "C:\Users\muril\ledger\.venv\Lib\site-packages\django\template\base.py", line 634, in invalid_block_tag
    raise self.error(
    ...<8 lines>...
    )
django.template.exceptions.TemplateSyntaxError: Template: C:\Users\muril\ledger\frontend\templates\transactions\transaction_history.html, Invalid block tag on line 80: 'empty', expected 'elif', 'else' or 'endif'. Did you forget to register or load this tag?
"GET /transactions/list/ HTTP/1.1" 500 247029
"GET /transactions/list/ HTTP/1.1" 200 8428
"GET /static/css/sidebar/sidebar.css HTTP/1.1" 304 0
"GET /static/css/transactions/transaction_history.css HTTP/1.1" 304 0
"GET /static/js/sidebar.js HTTP/1.1" 404 1853
"GET /transactions/list/ HTTP/1.1" 200 9090
"GET /static/js/sidebar.js HTTP/1.1" 404 1853
"GET /transactions/list/ HTTP/1.1" 200 9862
"GET /static/js/sidebar.js HTTP/1.1" 404 1853
"GET /transactions/list/ HTTP/1.1" 200 9862
"GET /static/js/sidebar.js HTTP/1.1" 404 1853
"GET /transactions/list/ HTTP/1.1" 200 9862
"GET /static/css/sidebar/sidebar.css HTTP/1.1" 200 9466
"GET /static/css/global.css HTTP/1.1" 200 1115
"GET /static/css/transactions/transaction_history.css HTTP/1.1" 200 3163
"GET /static/js/sidebar.js HTTP/1.1" 404 1853
"GET /static/js/global.js HTTP/1.1" 200 667
Not Found: /favicon.ico
"GET /favicon.ico HTTP/1.1" 404 5369
"GET /transactions/list/ HTTP/1.1" 200 8425
"GET /static/js/sidebar.js HTTP/1.1" 404 1853
"GET /transactions/list/ HTTP/1.1" 200 10390
"GET /static/js/sidebar.js HTTP/1.1" 404 1853
"GET /transactions/list/ HTTP/1.1" 200 9725
"GET /static/css/sidebar/sidebar.css HTTP/1.1" 200 9466
"GET /static/css/global.css HTTP/1.1" 200 1115
"GET /static/css/transactions/transaction_history.css HTTP/1.1" 200 3163
"GET /static/js/sidebar.js HTTP/1.1" 404 1853
"GET /static/js/global.js HTTP/1.1" 200 667
Not Found: /favicon.ico
"GET /favicon.ico HTTP/1.1" 404 5369
Internal Server Error: /transactions/list/
Traceback (most recent call last):
  File "C:\Users\muril\ledger\.venv\Lib\site-packages\django\template\base.py", line 577, in parse
    compile_func = self.tags[command]
                   ~~~~~~~~~^^^^^^^^^
KeyError: 'endwith'

During handling of the above exception, another exception occurred:

Traceback (most recent call last):
  File "C:\Users\muril\ledger\.venv\Lib\site-packages\django\core\handlers\exception.py", line 55, in inner
    response = get_response(request)
  File "C:\Users\muril\ledger\.venv\Lib\site-packages\django\core\handlers\base.py", line 198, in _get_response
    response = wrapped_callback(request, *callback_args, **callback_kwargs)
  File "C:\Users\muril\ledger\.venv\Lib\site-packages\django\views\generic\base.py", line 106, in view
    return self.dispatch(request, *args, **kwargs)
           ~~~~~~~~~~~~~^^^^^^^^^^^^^^^^^^^^^^^^^^
  File "C:\Users\muril\ledger\.venv\Lib\site-packages\django\contrib\auth\mixins.py", line 74, in dispatch
    return super().dispatch(request, *args, **kwargs)
           ~~~~~~~~~~~~~~~~^^^^^^^^^^^^^^^^^^^^^^^^^^
  File "C:\Users\muril\ledger\.venv\Lib\site-packages\django\views\generic\base.py", line 145, in dispatch
    return handler(request, *args, **kwargs)
  File "C:\Users\muril\ledger\backend\transactions\views.py", line 71, in get
    return render(request, self.template_name, context)
  File "C:\Users\muril\ledger\.venv\Lib\site-packages\django\shortcuts.py", line 25, in render
    content = loader.render_to_string(template_name, context, request, using=using)
  File "C:\Users\muril\ledger\.venv\Lib\site-packages\django\template\loader.py", line 61, in render_to_string
    template = get_template(template_name, using=using)
  File "C:\Users\muril\ledger\.venv\Lib\site-packages\django\template\loader.py", line 15, in get_template
    return engine.get_template(template_name)
           ~~~~~~~~~~~~~~~~~~~^^^^^^^^^^^^^^^
  File "C:\Users\muril\ledger\.venv\Lib\site-packages\django\template\backends\django.py", line 79, in get_template
    return Template(self.engine.get_template(template_name), self)
                    ~~~~~~~~~~~~~~~~~~~~~~~~^^^^^^^^^^^^^^^
  File "C:\Users\muril\ledger\.venv\Lib\site-packages\django\template\engine.py", line 186, in get_template
    template, origin = self.find_template(template_name)
                       ~~~~~~~~~~~~~~~~~~^^^^^^^^^^^^^^^
  File "C:\Users\muril\ledger\.venv\Lib\site-packages\django\template\engine.py", line 159, in find_template
    template = loader.get_template(name, skip=skip)
  File "C:\Users\muril\ledger\.venv\Lib\site-packages\django\template\loaders\cached.py", line 57, in get_template
    template = super().get_template(template_name, skip)
  File "C:\Users\muril\ledger\.venv\Lib\site-packages\django\template\loaders\base.py", line 28, in get_template
    return Template(
        contents,
    ...<2 lines>...
        self.engine,
    )
  File "C:\Users\muril\ledger\.venv\Lib\site-packages\django\template\base.py", line 157, in __init__
    self.nodelist = self.compile_nodelist()
                    ~~~~~~~~~~~~~~~~~~~~~^^
  File "C:\Users\muril\ledger\.venv\Lib\site-packages\django\template\base.py", line 199, in compile_nodelist
    nodelist = parser.parse()
  File "C:\Users\muril\ledger\.venv\Lib\site-packages\django\template\base.py", line 585, in parse
    raise self.error(token, e)
  File "C:\Users\muril\ledger\.venv\Lib\site-packages\django\template\base.py", line 583, in parse
    compiled_result = compile_func(self, token)
  File "C:\Users\muril\ledger\.venv\Lib\site-packages\django\template\loader_tags.py", line 307, in do_extends
    nodelist = parser.parse()
  File "C:\Users\muril\ledger\.venv\Lib\site-packages\django\template\base.py", line 585, in parse
    raise self.error(token, e)
  File "C:\Users\muril\ledger\.venv\Lib\site-packages\django\template\base.py", line 583, in parse
    compiled_result = compile_func(self, token)
  File "C:\Users\muril\ledger\.venv\Lib\site-packages\django\template\loader_tags.py", line 235, in do_block
    nodelist = parser.parse(("endblock",))
  File "C:\Users\muril\ledger\.venv\Lib\site-packages\django\template\base.py", line 585, in parse
    raise self.error(token, e)
  File "C:\Users\muril\ledger\.venv\Lib\site-packages\django\template\base.py", line 583, in parse
    compiled_result = compile_func(self, token)
  File "C:\Users\muril\ledger\.venv\Lib\site-packages\django\template\defaulttags.py", line 894, in do_for
    nodelist_loop = parser.parse(
        (
    ...<2 lines>...
        )
    )
  File "C:\Users\muril\ledger\.venv\Lib\site-packages\django\template\base.py", line 579, in parse
    self.invalid_block_tag(token, command, parse_until)
    ~~~~~~~~~~~~~~~~~~~~~~^^^^^^^^^^^^^^^^^^^^^^^^^^^^^
  File "C:\Users\muril\ledger\.venv\Lib\site-packages\django\template\base.py", line 634, in invalid_block_tag
    raise self.error(
    ...<8 lines>...
    )
django.template.exceptions.TemplateSyntaxError: Template: C:\Users\muril\ledger\frontend\templates\transactions\transaction_history.html, Invalid block tag on line 66: 'endwith', expected 'empty' or 'endfor'. Did you forget to register or load this tag?
"GET /transactions/list/ HTTP/1.1" 500 241082
Not Found: /favicon.ico
"GET /favicon.ico HTTP/1.1" 404 5369
"GET /transactions/list/ HTTP/1.1" 200 8821
"GET /static/css/sidebar/sidebar.css HTTP/1.1" 304 0
"GET /static/css/global.css HTTP/1.1" 304 0
"GET /static/css/transactions/transaction_history.css HTTP/1.1" 304 0
"GET /static/js/sidebar.js HTTP/1.1" 404 1853
"GET /transactions/list/ HTTP/1.1" 200 8545
"GET /static/js/sidebar.js HTTP/1.1" 404 1853
"GET /admin/ HTTP/1.1" 200 26972
"GET /static/admin/css/dashboard.css HTTP/1.1" 200 441
"GET /static/admin/img/icon-yes-dark.svg HTTP/1.1" 200 558
"GET /static/admin/img/icon-changelink.svg HTTP/1.1" 200 978
"GET /admin/ HTTP/1.1" 200 26828
"GET /admin/categories/category/ HTTP/1.1" 200 24439
"GET /admin/jsi18n/ HTTP/1.1" 200 3342
"GET /admin/categories/category/add/ HTTP/1.1" 200 26275
"GET /static/admin/css/forms.css HTTP/1.1" 200 8844
"GET /static/admin/js/prepopulate_init.js HTTP/1.1" 200 586
"GET /static/admin/css/widgets.css HTTP/1.1" 200 11811
"GET /static/admin/js/change_form.js HTTP/1.1" 200 606
"GET /admin/jsi18n/ HTTP/1.1" 200 3342
"POST /admin/categories/category/add/ HTTP/1.1" 302 0
"GET /admin/categories/category/ HTTP/1.1" 200 25198
"GET /admin/jsi18n/ HTTP/1.1" 200 3342
"GET /admin/categories/category/add/ HTTP/1.1" 200 26351
"GET /admin/jsi18n/ HTTP/1.1" 200 3342
"POST /admin/categories/category/add/ HTTP/1.1" 302 0
"GET /admin/categories/category/ HTTP/1.1" 200 25695
"GET /admin/jsi18n/ HTTP/1.1" 200 3342
"GET /admin/tags/tag/ HTTP/1.1" 200 26338
"GET /admin/jsi18n/ HTTP/1.1" 200 3342
"GET /admin/tags/tag/add/ HTTP/1.1" 200 24279
"GET /admin/jsi18n/ HTTP/1.1" 200 3342
"POST /admin/tags/tag/add/ HTTP/1.1" 302 0
"GET /admin/tags/tag/ HTTP/1.1" 200 26995
"GET /admin/jsi18n/ HTTP/1.1" 200 3342
"GET /transactions/list/ HTTP/1.1" 200 8878
"GET /static/js/sidebar.js HTTP/1.1" 404 1853
"GET /transactions/new/ HTTP/1.1" 200 12393
"GET /static/css/transactions/transaction.css HTTP/1.1" 304 0
"GET /static/js/sidebar.js HTTP/1.1" 404 1853
"GET /static/js/transactions/transaction-form.js HTTP/1.1" 304 0
"POST /api/transactions/ HTTP/1.1" 201 100
"GET /transactions/list/ HTTP/1.1" 200 9557
"GET /static/js/sidebar.js HTTP/1.1" 404 1853
"GET /transactions/list/?start=2026-01-02&end=2026-01-03&category= HTTP/1.1" 200 7544
"GET /static/js/sidebar.js HTTP/1.1" 404 1853
"GET /transactions/list/?start=2026-01-02&end=2026-01-03&category= HTTP/1.1" 200 7544
"GET /static/js/sidebar.js HTTP/1.1" 404 1853
"GET /transactions/list/?start=2026-01-02&end=2026-01-03&category= HTTP/1.1" 200 7544
"GET /static/js/sidebar.js HTTP/1.1" 404 1853
"GET /transactions/list/?start=2026-01-02&end=2026-01-03&category= HTTP/1.1" 200 7544
"GET /static/css/sidebar/sidebar.css HTTP/1.1" 200 9466
"GET /static/css/global.css HTTP/1.1" 200 1115
"GET /static/css/transactions/transaction_history.css HTTP/1.1" 200 3163
"GET /static/js/sidebar.js HTTP/1.1" 404 1853
"GET /static/js/global.js HTTP/1.1" 200 667
Not Found: /favicon.ico
"GET /favicon.ico HTTP/1.1" 404 5369
"GET /transactions/list/?start=2026-01-02&end=2026-01-03&category= HTTP/1.1" 200 7544
"GET /static/js/sidebar.js HTTP/1.1" 404 1853
Not Found: /.well-known/appspecific/com.chrome.devtools.json
"GET /.well-known/appspecific/com.chrome.devtools.json HTTP/1.1" 404 5480
"GET /transactions/list/?start=2026-01-02&end=2026-01-03&category= HTTP/1.1" 200 7544
"GET /static/js/sidebar.js HTTP/1.1" 404 1853
Not Found: /.well-known/appspecific/com.chrome.devtools.json
"GET /.well-known/appspecific/com.chrome.devtools.json HTTP/1.1" 404 5480
"GET /transactions/list/?start=2026-01-02&end=2026-01-03&category= HTTP/1.1" 200 8500
"GET /static/js/sidebar.js HTTP/1.1" 404 1853
Not Found: /.well-known/appspecific/com.chrome.devtools.json
"GET /.well-known/appspecific/com.chrome.devtools.json HTTP/1.1" 404 5480
C:\Users\muril\ledger\backend\accounts\models.py changed, reloading.
Watching for file changes with StatReloader
C:\Users\muril\ledger\backend\accounts\models.py changed, reloading.
Watching for file changes with StatReloader
Watching for file changes with StatReloader
"GET / HTTP/1.1" 200 4482
"GET /static/js/sidebar.js HTTP/1.1" 404 1853
"GET /transactions/list/ HTTP/1.1" 200 11962
"GET /static/js/sidebar.js HTTP/1.1" 404 1853
"GET /transactions/list/?start=&end=&category= HTTP/1.1" 200 11962
"GET /static/js/sidebar.js HTTP/1.1" 404 1853
"GET /transactions/list/?start=&end=&category= HTTP/1.1" 200 11962
"GET /static/js/sidebar.js HTTP/1.1" 404 1853
Not Found: /api/transactions/new/
"GET /api/transactions/new/ HTTP/1.1" 404 11122
Not Found: /favicon.ico
"GET /favicon.ico HTTP/1.1" 404 5369
"GET /transactions/list/?start=&end=&category= HTTP/1.1" 200 11962
"GET /static/css/sidebar/sidebar.css HTTP/1.1" 304 0
"GET /static/css/transactions/transaction_history.css HTTP/1.1" 304 0
"GET /static/js/sidebar.js HTTP/1.1" 404 1853
"GET /transactions/new/ HTTP/1.1" 200 12403
"GET /static/js/sidebar.js HTTP/1.1" 404 1853
"GET /transactions/list/ HTTP/1.1" 200 11962
"GET /static/js/sidebar.js HTTP/1.1" 404 1853
"GET /admin/tags/tag/ HTTP/1.1" 200 26772
"GET /admin/jsi18n/ HTTP/1.1" 200 3342
"GET /admin/accounts/account/ HTTP/1.1" 200 25703
"GET /admin/jsi18n/ HTTP/1.1" 200 3342
"GET /admin/tags/tag/ HTTP/1.1" 200 26772
"GET /admin/jsi18n/ HTTP/1.1" 200 3342
"GET /admin/budgets/budget/ HTTP/1.1" 200 22409
"GET /admin/jsi18n/ HTTP/1.1" 200 3342
"GET /admin/transactions/transactionaccount/ HTTP/1.1" 200 26398
"GET /admin/jsi18n/ HTTP/1.1" 200 3342
"GET /admin/accounts/account/ HTTP/1.1" 200 25703
"GET /admin/jsi18n/ HTTP/1.1" 200 3342
"GET /admin/accounts/account/add/ HTTP/1.1" 200 25874
"GET /admin/jsi18n/ HTTP/1.1" 200 3342
"GET /admin/accounts/account/ HTTP/1.1" 200 25703
"GET /admin/jsi18n/ HTTP/1.1" 200 3342
"GET /admin/accounts/account/1/change/ HTTP/1.1" 200 26169
"GET /admin/jsi18n/ HTTP/1.1" 200 3342
"POST /admin/accounts/account/1/change/ HTTP/1.1" 302 0
"GET /admin/accounts/account/ HTTP/1.1" 200 25924
"GET /admin/jsi18n/ HTTP/1.1" 200 3342
"GET /transactions/list/ HTTP/1.1" 200 14687
"GET /static/js/sidebar.js HTTP/1.1" 404 1853
"GET /transactions/list/ HTTP/1.1" 200 11962
"GET /static/js/sidebar.js HTTP/1.1" 404 1853
"GET /transactions/list/ HTTP/1.1" 200 11962
"GET /static/js/sidebar.js HTTP/1.1" 404 1853
"GET /transactions/list/ HTTP/1.1" 200 14687
"GET /static/js/sidebar.js HTTP/1.1" 404 1853
"GET /transactions/list/ HTTP/1.1" 200 14546
"GET /static/js/sidebar.js HTTP/1.1" 404 1853
"GET /transactions/list/ HTTP/1.1" 200 14546
"GET /static/js/sidebar.js HTTP/1.1" 404 1853
"GET /transactions/list/ HTTP/1.1" 200 14546
"GET /static/css/sidebar/sidebar.css HTTP/1.1" 200 9466
"GET /static/css/transactions/transaction_history.css HTTP/1.1" 200 3163
"GET /static/js/sidebar.js HTTP/1.1" 404 1853
"GET /static/css/global.css HTTP/1.1" 200 1115
"GET /static/js/global.js HTTP/1.1" 200 667
Not Found: /favicon.ico
"GET /favicon.ico HTTP/1.1" 404 5369
"GET /transactions/list/?start=&end=&category= HTTP/1.1" 200 14546
"GET /static/js/sidebar.js HTTP/1.1" 404 1853
"GET /transactions/new/ HTTP/1.1" 200 12403
"GET /static/js/sidebar.js HTTP/1.1" 404 1853
"GET /transactions/list/ HTTP/1.1" 200 14546
"GET /static/js/sidebar.js HTTP/1.1" 404 1853
C:\Users\muril\ledger\backend\transactions\views.py changed, reloading.
Watching for file changes with StatReloader
C:\Users\muril\ledger\backend\transactions\views.py changed, reloading.
Watching for file changes with StatReloader
C:\Users\muril\ledger\backend\transactions\views.py changed, reloading.
Watching for file changes with StatReloader
Internal Server Error: /transactions/list/
Traceback (most recent call last):
  File "C:\Users\muril\ledger\.venv\Lib\site-packages\django\core\handlers\exception.py", line 55, in inner
    response = get_response(request)
  File "C:\Users\muril\ledger\.venv\Lib\site-packages\django\core\handlers\base.py", line 198, in _get_response
    response = wrapped_callback(request, *callback_args, **callback_kwargs)
  File "C:\Users\muril\ledger\.venv\Lib\site-packages\django\views\generic\base.py", line 106, in view
    return self.dispatch(request, *args, **kwargs)
           ~~~~~~~~~~~~~^^^^^^^^^^^^^^^^^^^^^^^^^^
  File "C:\Users\muril\ledger\.venv\Lib\site-packages\django\contrib\auth\mixins.py", line 74, in dispatch
    return super().dispatch(request, *args, **kwargs)
           ~~~~~~~~~~~~~~~~^^^^^^^^^^^^^^^^^^^^^^^^^^
  File "C:\Users\muril\ledger\.venv\Lib\site-packages\django\views\generic\base.py", line 145, in dispatch
    return handler(request, *args, **kwargs)
  File "C:\Users\muril\ledger\backend\transactions\views.py", line 82, in get
    "selected_category": category_id or "",
                         ^^^^^^^^^^^
NameError: name 'category_id' is not defined. Did you mean: 'category_uuid'?
"GET /transactions/list/ HTTP/1.1" 500 91840
C:\Users\muril\ledger\backend\transactions\views.py changed, reloading.
Watching for file changes with StatReloader
"GET /transactions/list/ HTTP/1.1" 200 14770
"GET /static/js/sidebar.js HTTP/1.1" 404 1853
"GET /transactions/list/?start=&end=&category=b39af529-1c68-4d1e-ac1d-1c37bea4fa38 HTTP/1.1" 200 8108
"GET /static/js/sidebar.js HTTP/1.1" 404 1853
"GET /transactions/list/?start=&end=&category=f2ebc9bc-2186-422e-a2f7-a1fed544fa89 HTTP/1.1" 200 13211
"GET /static/js/sidebar.js HTTP/1.1" 404 1853
"GET /transactions/list/?start=2026-01-01&end=2026-01-01&category=f2ebc9bc-2186-422e-a2f7-a1fed544fa89 HTTP/1.1" 200 6501
"GET /static/js/sidebar.js HTTP/1.1" 404 1853
"GET /transactions/list/?start=2026-01-01&end=2026-01-02&category=f2ebc9bc-2186-422e-a2f7-a1fed544fa89 HTTP/1.1" 200 9829
"GET /static/js/sidebar.js HTTP/1.1" 404 1853
"GET /transactions/list/?start=2026-01-01&end=2026-01-02&category=b39af529-1c68-4d1e-ac1d-1c37bea4fa38 HTTP/1.1" 200 6501
"GET /static/js/sidebar.js HTTP/1.1" 404 1853
"GET /transactions/list/?start=2026-01-01&end=2026-01-02&category= HTTP/1.1" 200 9821
"GET /static/js/sidebar.js HTTP/1.1" 404 1853
"GET /transactions/list/ HTTP/1.1" 200 14770
"GET /static/js/sidebar.js HTTP/1.1" 404 1853
"GET /transactions/new/ HTTP/1.1" 200 12403
"GET /static/js/sidebar.js HTTP/1.1" 404 1853
"GET /transactions/list/ HTTP/1.1" 200 14770
"GET /static/js/sidebar.js HTTP/1.1" 404 1853
"GET /transactions/list/ HTTP/1.1" 200 14770
"GET /static/js/sidebar.js HTTP/1.1" 404 1853
"GET /transactions/new/ HTTP/1.1" 200 12403
"GET /static/js/sidebar.js HTTP/1.1" 404 1853
C:\Users\muril\ledger\backend\budgets\views.py changed, reloading.
Watching for file changes with StatReloader
Watching for file changes with StatReloader
Watching for file changes with StatReloader
Watching for file changes with StatReloader
"GET /transactions/new/ HTTP/1.1" 200 12413
"GET /static/css/sidebar/sidebar.css HTTP/1.1" 304 0
"GET /static/js/sidebar.js HTTP/1.1" 404 1853
Not Found: /favicon.ico
"GET /favicon.ico HTTP/1.1" 404 5632
Not Found: /transactions/new/teste-html/
"GET /transactions/new/teste-html/ HTTP/1.1" 404 5683
C:\Users\muril\ledger\backend\config\urls.py changed, reloading.
Watching for file changes with StatReloader
Not Found: /transactions/new/teste-html/
"GET /transactions/new/teste-html/ HTTP/1.1" 404 5683
Not Found: /favicon.ico
"GET /favicon.ico HTTP/1.1" 404 5632
"GET / HTTP/1.1" 200 4493
"GET /static/js/sidebar.js HTTP/1.1" 404 1853
"GET /teste-html/ HTTP/1.1" 200 4493
"GET /static/js/sidebar.js HTTP/1.1" 404 1853
"GET /teste-html/ HTTP/1.1" 200 4493
"GET /static/js/sidebar.js HTTP/1.1" 404 1853
"GET / HTTP/1.1" 200 4493
"GET /static/css/sidebar/sidebar.css HTTP/1.1" 304 0
"GET /static/css/global.css HTTP/1.1" 304 0
"GET /static/js/sidebar.js HTTP/1.1" 404 1853
"GET /transactions/list/ HTTP/1.1" 200 14847
"GET /static/css/transactions/transaction_history.css HTTP/1.1" 304 0
"GET /static/js/sidebar.js HTTP/1.1" 404 1853
"GET /teste-html/ HTTP/1.1" 200 4493
"GET /static/js/sidebar.js HTTP/1.1" 404 1853
"GET /teste-html/ HTTP/1.1" 200 4493
"GET /static/css/sidebar/sidebar.css HTTP/1.1" 200 9466
"GET /static/css/global.css HTTP/1.1" 200 1115
"GET /static/js/sidebar.js HTTP/1.1" 404 1853
"GET /static/js/global.js HTTP/1.1" 200 667
Not Found: /favicon.ico
"GET /favicon.ico HTTP/1.1" 404 5632
"GET /home/ HTTP/1.1" 200 4493
"GET /static/js/sidebar.js HTTP/1.1" 404 1853
"GET /transactions/new/ HTTP/1.1" 200 12414
"GET /static/css/transactions/transaction.css HTTP/1.1" 304 0
"GET /static/js/sidebar.js HTTP/1.1" 404 1853
"GET /static/js/transactions/transaction-form.js HTTP/1.1" 304 0
"GET /teste-html/ HTTP/1.1" 200 4493
"GET /static/js/sidebar.js HTTP/1.1" 404 1853
"GET /teste-html/ HTTP/1.1" 200 4493
"GET /static/css/sidebar/sidebar.css HTTP/1.1" 200 9466
"GET /static/css/global.css HTTP/1.1" 200 1115
"GET /static/js/sidebar.js HTTP/1.1" 404 1853
"GET /static/js/global.js HTTP/1.1" 200 667
Not Found: /favicon.ico
"GET /favicon.ico HTTP/1.1" 404 5632
C:\Users\muril\ledger\backend\budgets\views.py changed, reloading.
Watching for file changes with StatReloader
"GET /teste-html/ HTTP/1.1" 200 4493
"GET /static/js/sidebar.js HTTP/1.1" 404 1853
"GET /teste-html/ HTTP/1.1" 200 4493
"GET /static/js/sidebar.js HTTP/1.1" 404 1853
"GET /teste-html/ HTTP/1.1" 200 4493
"GET /static/js/sidebar.js HTTP/1.1" 404 1853
"GET /teste-html/ HTTP/1.1" 200 4493
"GET /static/js/sidebar.js HTTP/1.1" 404 1853
"GET /teste-html/ HTTP/1.1" 200 4493
"GET /static/js/sidebar.js HTTP/1.1" 404 1853
"GET /teste-html/ HTTP/1.1" 200 4493
"GET /static/css/sidebar/sidebar.css HTTP/1.1" 200 9466
"GET /static/css/global.css HTTP/1.1" 200 1115
"GET /static/js/sidebar.js HTTP/1.1" 404 1853
"GET /static/js/global.js HTTP/1.1" 200 667
Not Found: /favicon.ico
"GET /favicon.ico HTTP/1.1" 404 5632
"GET /teste-html/ HTTP/1.1" 200 4493
"GET /static/js/sidebar.js HTTP/1.1" 404 1853
C:\Users\muril\ledger\backend\budgets\views.py changed, reloading.
Watching for file changes with StatReloader
C:\Users\muril\ledger\backend\budgets\views.py changed, reloading.
Watching for file changes with StatReloader
C:\Users\muril\ledger\backend\budgets\views.py changed, reloading.
Watching for file changes with StatReloader
C:\Users\muril\ledger\backend\budgets\urls_web.py changed, reloading.
Watching for file changes with StatReloader
C:\Users\muril\ledger\backend\budgets\urls_web.py changed, reloading.
Watching for file changes with StatReloader
C:\Users\muril\ledger\backend\budgets\urls_web.py changed, reloading.
Watching for file changes with StatReloader
"GET /transactions/new/ HTTP/1.1" 200 12410
"GET /static/js/sidebar.js HTTP/1.1" 404 1853
Internal Server Error: /budget/
Traceback (most recent call last):
  File "C:\Users\muril\ledger\.venv\Lib\site-packages\django\template\backends\django.py", line 107, in render
    return self.template.render(context)
           ~~~~~~~~~~~~~~~~~~~~^^^^^^^^^
  File "C:\Users\muril\ledger\.venv\Lib\site-packages\django\template\base.py", line 174, in render
    return self._render(context)
           ~~~~~~~~~~~~^^^^^^^^^
  File "C:\Users\muril\ledger\.venv\Lib\site-packages\django\template\base.py", line 166, in _render
    return self.nodelist.render(context)
           ~~~~~~~~~~~~~~~~~~~~^^^^^^^^^
  File "C:\Users\muril\ledger\.venv\Lib\site-packages\django\template\base.py", line 1091, in render
    return SafeString("".join([node.render_annotated(context) for node in self]))
                               ~~~~~~~~~~~~~~~~~~~~~^^^^^^^^^
  File "C:\Users\muril\ledger\.venv\Lib\site-packages\django\template\base.py", line 1052, in render_annotated
    return self.render(context)
           ~~~~~~~~~~~^^^^^^^^^
  File "C:\Users\muril\ledger\.venv\Lib\site-packages\django\template\loader_tags.py", line 160, in render
    return compiled_parent._render(context)
           ~~~~~~~~~~~~~~~~~~~~~~~^^^^^^^^^
  File "C:\Users\muril\ledger\.venv\Lib\site-packages\django\template\base.py", line 166, in _render
    return self.nodelist.render(context)
           ~~~~~~~~~~~~~~~~~~~~^^^^^^^^^
  File "C:\Users\muril\ledger\.venv\Lib\site-packages\django\template\base.py", line 1091, in render
    return SafeString("".join([node.render_annotated(context) for node in self]))
                               ~~~~~~~~~~~~~~~~~~~~~^^^^^^^^^
  File "C:\Users\muril\ledger\.venv\Lib\site-packages\django\template\base.py", line 1052, in render_annotated
    return self.render(context)
           ~~~~~~~~~~~^^^^^^^^^
  File "C:\Users\muril\ledger\.venv\Lib\site-packages\django\template\loader_tags.py", line 66, in render
    result = block.nodelist.render(context)
  File "C:\Users\muril\ledger\.venv\Lib\site-packages\django\template\base.py", line 1091, in render
    return SafeString("".join([node.render_annotated(context) for node in self]))
                               ~~~~~~~~~~~~~~~~~~~~~^^^^^^^^^
  File "C:\Users\muril\ledger\.venv\Lib\site-packages\django\template\base.py", line 1052, in render_annotated
    return self.render(context)
           ~~~~~~~~~~~^^^^^^^^^
  File "C:\Users\muril\ledger\.venv\Lib\site-packages\django\template\loader_tags.py", line 200, in render
    template = context.template.engine.select_template(template_name)
  File "C:\Users\muril\ledger\.venv\Lib\site-packages\django\template\engine.py", line 234, in select_template
    raise TemplateDoesNotExist(", ".join(not_found))
django.template.exceptions.TemplateDoesNotExist: budget/budget_modal.html

The above exception was the direct cause of the following exception:

Traceback (most recent call last):
  File "C:\Users\muril\ledger\.venv\Lib\site-packages\django\core\handlers\exception.py", line 55, in inner
    response = get_response(request)
  File "C:\Users\muril\ledger\.venv\Lib\site-packages\django\core\handlers\base.py", line 198, in _get_response
    response = wrapped_callback(request, *callback_args, **callback_kwargs)
  File "C:\Users\muril\ledger\.venv\Lib\site-packages\django\contrib\auth\decorators.py", line 59, in _view_wrapper
    return view_func(request, *args, **kwargs)
  File "C:\Users\muril\ledger\backend\budgets\views.py", line 39, in budget_view
    return render(request, 'budget/budget.html', {
        'limits': limits,
        'categories': Category.objects.all()
    })
  File "C:\Users\muril\ledger\.venv\Lib\site-packages\django\shortcuts.py", line 25, in render
    content = loader.render_to_string(template_name, context, request, using=using)
  File "C:\Users\muril\ledger\.venv\Lib\site-packages\django\template\loader.py", line 62, in render_to_string
    return template.render(context, request)
           ~~~~~~~~~~~~~~~^^^^^^^^^^^^^^^^^^
  File "C:\Users\muril\ledger\.venv\Lib\site-packages\django\template\backends\django.py", line 109, in render
    reraise(exc, self.backend)
    ~~~~~~~^^^^^^^^^^^^^^^^^^^
  File "C:\Users\muril\ledger\.venv\Lib\site-packages\django\template\backends\django.py", line 130, in reraise
    raise new from exc
django.template.exceptions.TemplateDoesNotExist: budget/budget_modal.html
"GET /budget/ HTTP/1.1" 500 169089
"GET /budget/ HTTP/1.1" 200 4869
"GET /static/css/budget/budget.css HTTP/1.1" 200 1552
"GET /static/js/budget/budget.js HTTP/1.1" 200 734
"GET /static/js/sidebar.js HTTP/1.1" 404 1853
"GET /budget/ HTTP/1.1" 200 5802
"GET /static/css/sidebar/sidebar.css HTTP/1.1" 200 9466
"GET /static/css/global.css HTTP/1.1" 200 1115
"GET /static/css/budget/budget.css HTTP/1.1" 200 1552
"GET /static/js/budget/budget.js HTTP/1.1" 200 734
"GET /static/js/sidebar.js HTTP/1.1" 404 1853
"GET /static/js/global.js HTTP/1.1" 200 667
Not Found: /favicon.ico
"GET /favicon.ico HTTP/1.1" 404 5624
Bad Request: /api/budget-category-limits/
"POST /api/budget-category-limits/ HTTP/1.1" 400 87
Not Found: /.well-known/appspecific/com.chrome.devtools.json
"GET /.well-known/appspecific/com.chrome.devtools.json HTTP/1.1" 404 5735
"GET /budget/ HTTP/1.1" 200 5802
"GET /static/js/budget/budget.js HTTP/1.1" 304 0
"GET /static/js/sidebar.js HTTP/1.1" 404 1853
Not Found: /.well-known/appspecific/com.chrome.devtools.json
"GET /.well-known/appspecific/com.chrome.devtools.json HTTP/1.1" 404 5735
Bad Request: /api/budget-category-limits/
"POST /api/budget-category-limits/ HTTP/1.1" 400 87
Watching for file changes with StatReloader
Bad Request: /api/budget-category-limits/
"POST /api/budget-category-limits/ HTTP/1.1" 400 87
C:\Users\muril\ledger\backend\budgets\serializers.py changed, reloading.
Watching for file changes with StatReloader
C:\Users\muril\ledger\backend\budgets\views.py changed, reloading.
Watching for file changes with StatReloader
Watching for file changes with StatReloader
C:\Users\muril\ledger\backend\budgets\views.py changed, reloading.
Watching for file changes with StatReloader
C:\Users\muril\ledger\backend\budgets\views.py changed, reloading.
Watching for file changes with StatReloader
"GET /budget/ HTTP/1.1" 200 5802
"GET /static/js/budget/budget.js HTTP/1.1" 304 0
"GET /static/js/sidebar.js HTTP/1.1" 404 1853
Bad Request: /api/budget-category-limits/
"POST /api/budget-category-limits/ HTTP/1.1" 400 47
Not Found: /.well-known/appspecific/com.chrome.devtools.json
"GET /.well-known/appspecific/com.chrome.devtools.json HTTP/1.1" 404 5735
C:\Users\muril\ledger\backend\budgets\views.py changed, reloading.
Watching for file changes with StatReloader
"GET /budget/ HTTP/1.1" 200 5802
"GET /static/js/budget/budget.js HTTP/1.1" 304 0
"GET /static/js/sidebar.js HTTP/1.1" 404 1853
Not Found: /.well-known/appspecific/com.chrome.devtools.json
"GET /.well-known/appspecific/com.chrome.devtools.json HTTP/1.1" 404 5735
Bad Request: /api/budget-category-limits/
"POST /api/budget-category-limits/ HTTP/1.1" 400 47
Not Found: /.well-known/appspecific/com.chrome.devtools.json
"GET /.well-known/appspecific/com.chrome.devtools.json HTTP/1.1" 404 5735
"GET /budget/ HTTP/1.1" 200 5802
"GET /static/js/sidebar.js HTTP/1.1" 404 1853
Not Found: /.well-known/appspecific/com.chrome.devtools.json
"GET /.well-known/appspecific/com.chrome.devtools.json HTTP/1.1" 404 5735
Bad Request: /api/budget-category-limits/
"POST /api/budget-category-limits/ HTTP/1.1" 400 47
"GET /budget/ HTTP/1.1" 200 5802
"GET /static/js/budget/budget.js HTTP/1.1" 304 0
"GET /static/js/sidebar.js HTTP/1.1" 404 1853
"GET /admin/ HTTP/1.1" 200 27999
"GET /static/admin/css/base.css HTTP/1.1" 304 0
"GET /static/admin/css/dark_mode.css HTTP/1.1" 304 0
"GET /static/admin/css/nav_sidebar.css HTTP/1.1" 304 0
"GET /static/admin/css/responsive.css HTTP/1.1" 304 0
"GET /static/admin/js/theme.js HTTP/1.1" 304 0
"GET /static/admin/js/nav_sidebar.js HTTP/1.1" 304 0
"GET /static/admin/img/icon-addlink.svg HTTP/1.1" 304 0
"GET /admin/budgets/budget/ HTTP/1.1" 200 22409
"GET /static/admin/js/vendor/jquery/jquery.js HTTP/1.1" 304 0
"GET /static/admin/js/core.js HTTP/1.1" 304 0
"GET /static/admin/js/jquery.init.js HTTP/1.1" 304 0
"GET /static/admin/css/changelists.css HTTP/1.1" 304 0
"GET /static/admin/js/actions.js HTTP/1.1" 304 0
"GET /static/admin/js/admin/RelatedObjectLookups.js HTTP/1.1" 304 0
"GET /static/admin/js/prepopulate.js HTTP/1.1" 304 0
"GET /static/admin/js/urlify.js HTTP/1.1" 304 0
"GET /static/admin/js/vendor/xregexp/xregexp.js HTTP/1.1" 304 0
"GET /static/admin/img/search.svg HTTP/1.1" 304 0
"GET /static/admin/js/filters.js HTTP/1.1" 304 0
"GET /admin/jsi18n/ HTTP/1.1" 200 3342
"GET /static/admin/img/tooltag-add.svg HTTP/1.1" 304 0
"GET /admin/budgets/budgetcategorylimit/ HTTP/1.1" 200 22540
"GET /admin/jsi18n/ HTTP/1.1" 200 3342
"GET /admin/budgets/budget/ HTTP/1.1" 200 22409
"GET /admin/jsi18n/ HTTP/1.1" 200 3342
"GET /admin/budgets/budget/add/ HTTP/1.1" 200 25424
"GET /admin/jsi18n/ HTTP/1.1" 200 3342
"GET /static/admin/js/calendar.js HTTP/1.1" 200 9159
"GET /static/admin/js/admin/DateTimeShortcuts.js HTTP/1.1" 200 19698
"GET /static/admin/img/icon-viewlink.svg HTTP/1.1" 304 0
"GET /static/admin/img/icon-calendar.svg HTTP/1.1" 200 1112
"GET /admin/budgets/budgetcategorylimit/add/ HTTP/1.1" 200 26473
"GET /admin/jsi18n/ HTTP/1.1" 200 3342
"GET /admin/budgets/budget/ HTTP/1.1" 200 22409
"GET /admin/jsi18n/ HTTP/1.1" 200 3342
"GET /admin/budgets/budget/add/ HTTP/1.1" 200 25424
"GET /admin/jsi18n/ HTTP/1.1" 200 3342
"POST /admin/budgets/budget/add/ HTTP/1.1" 302 0
"GET /admin/budgets/budget/ HTTP/1.1" 200 24697
"GET /admin/jsi18n/ HTTP/1.1" 200 3342
"GET /budget/ HTTP/1.1" 200 5802
"GET /static/js/budget/budget.js HTTP/1.1" 304 0
"GET /static/js/sidebar.js HTTP/1.1" 404 1853
"GET /budget/ HTTP/1.1" 200 5802
"GET /static/js/sidebar.js HTTP/1.1" 404 1853
Bad Request: /api/budget-category-limits/
"POST /api/budget-category-limits/ HTTP/1.1" 400 47
"GET /admin/budgets/budgetcategorylimit/ HTTP/1.1" 200 22540
"GET /admin/jsi18n/ HTTP/1.1" 200 3342
"GET /admin/budgets/budgetcategorylimit/add/ HTTP/1.1" 200 26574
"GET /admin/jsi18n/ HTTP/1.1" 200 3342
"POST /admin/budgets/budgetcategorylimit/add/ HTTP/1.1" 302 0
"GET /admin/budgets/budgetcategorylimit/ HTTP/1.1" 200 24588
"GET /admin/jsi18n/ HTTP/1.1" 200 3342
"GET /budget/ HTTP/1.1" 200 5802
"GET /static/js/sidebar.js HTTP/1.1" 404 1853
"GET /budget/ HTTP/1.1" 200 5802
"GET /static/js/sidebar.js HTTP/1.1" 404 1853
"GET /budget/ HTTP/1.1" 200 5802
"GET /static/js/sidebar.js HTTP/1.1" 404 1853
"GET /budget/ HTTP/1.1" 200 5802
"GET /static/css/sidebar/sidebar.css HTTP/1.1" 304 0
"GET /static/css/global.css HTTP/1.1" 304 0
"GET /static/css/budget/budget.css HTTP/1.1" 304 0
"GET /static/js/budget/budget.js HTTP/1.1" 304 0
"GET /static/js/sidebar.js HTTP/1.1" 404 1853
"GET /budget/ HTTP/1.1" 200 5802
"GET /static/js/sidebar.js HTTP/1.1" 404 1853
"GET /static/css/global.css HTTP/1.1" 200 1115
"GET /static/css/budget/budget.css HTTP/1.1" 200 1552
"GET /static/css/sidebar/sidebar.css HTTP/1.1" 200 9466
"GET /static/js/budget/budget.js HTTP/1.1" 200 734
"GET /static/js/global.js HTTP/1.1" 200 667
Not Found: /favicon.ico
"GET /favicon.ico HTTP/1.1" 404 5624
Bad Request: /api/budget-category-limits/
"POST /api/budget-category-limits/ HTTP/1.1" 400 47
Not Found: /.well-known/appspecific/com.chrome.devtools.json
"GET /.well-known/appspecific/com.chrome.devtools.json HTTP/1.1" 404 5735
"GET /budget/ HTTP/1.1" 200 5802
"GET /static/js/sidebar.js HTTP/1.1" 404 1853
Not Found: /.well-known/appspecific/com.chrome.devtools.json
"GET /.well-known/appspecific/com.chrome.devtools.json HTTP/1.1" 404 5735
Bad Request: /api/budget-category-limits/
"POST /api/budget-category-limits/ HTTP/1.1" 400 47
"GET /budget/ HTTP/1.1" 200 5802
"GET /static/js/sidebar.js HTTP/1.1" 404 1853
Not Found: /.well-known/appspecific/com.chrome.devtools.json
"GET /.well-known/appspecific/com.chrome.devtools.json HTTP/1.1" 404 5735
"GET /budget/ HTTP/1.1" 200 5802
"GET /static/css/sidebar/sidebar.css HTTP/1.1" 200 9466
"GET /static/css/global.css HTTP/1.1" 200 1115
"GET /static/css/budget/budget.css HTTP/1.1" 200 1552
"GET /static/js/budget/budget.js HTTP/1.1" 200 734
"GET /static/js/sidebar.js HTTP/1.1" 404 1853
"GET /static/js/global.js HTTP/1.1" 200 667
Not Found: /.well-known/appspecific/com.chrome.devtools.json
"GET /.well-known/appspecific/com.chrome.devtools.json HTTP/1.1" 404 5735
Not Found: /favicon.ico
"GET /favicon.ico HTTP/1.1" 404 5624
Bad Request: /api/budget-category-limits/
"POST /api/budget-category-limits/ HTTP/1.1" 400 47
C:\Users\muril\ledger\backend\budgets\serializers.py changed, reloading.
Watching for file changes with StatReloader
C:\Users\muril\ledger\backend\budgets\views.py changed, reloading.
Watching for file changes with StatReloader
C:\Users\muril\ledger\backend\budgets\views.py changed, reloading.
Watching for file changes with StatReloader
C:\Users\muril\ledger\backend\budgets\urls_api.py changed, reloading.
Watching for file changes with StatReloader
C:\Users\muril\ledger\backend\budgets\views.py changed, reloading.
Watching for file changes with StatReloader
C:\Users\muril\ledger\backend\budgets\views.py changed, reloading.
Watching for file changes with StatReloader
C:\Users\muril\ledger\backend\budgets\views.py changed, reloading.
Watching for file changes with StatReloader
C:\Users\muril\ledger\backend\budgets\views.py changed, reloading.
Watching for file changes with StatReloader
C:\Users\muril\ledger\backend\budgets\views.py changed, reloading.
Watching for file changes with StatReloader
C:\Users\muril\ledger\backend\budgets\views.py changed, reloading.
Watching for file changes with StatReloader
C:\Users\muril\ledger\backend\budgets\views.py changed, reloading.
Watching for file changes with StatReloader
C:\Users\muril\ledger\backend\budgets\serializers.py changed, reloading.
Watching for file changes with StatReloader
C:\Users\muril\ledger\backend\budgets\serializers.py changed, reloading.
Watching for file changes with StatReloader
C:\Users\muril\ledger\backend\budgets\models.py changed, reloading.
Watching for file changes with StatReloader
C:\Users\muril\ledger\backend\budgets\urls_api.py changed, reloading.
Watching for file changes with StatReloader
"GET /budget/ HTTP/1.1" 200 5802
"GET /static/js/sidebar.js HTTP/1.1" 404 1853
Bad Request: /api/budget-category-limits/
"POST /api/budget-category-limits/ HTTP/1.1" 400 47
"GET /budget/ HTTP/1.1" 200 5802
"GET /static/js/budget/budget.js HTTP/1.1" 200 957
"GET /static/js/sidebar.js HTTP/1.1" 404 1853
"GET /transactions/list/ HTTP/1.1" 200 14843
"GET /static/css/transactions/transaction_history.css HTTP/1.1" 304 0
"GET /static/js/sidebar.js HTTP/1.1" 404 1853
"GET /transactions/new/ HTTP/1.1" 200 12410
"GET /static/css/transactions/transaction.css HTTP/1.1" 304 0
"GET /static/img/box-in.png HTTP/1.1" 304 0
"GET /static/img/box-out.png HTTP/1.1" 304 0
"GET /static/js/sidebar.js HTTP/1.1" 404 1853
"GET /static/js/transactions/transaction-form.js HTTP/1.1" 304 0
"GET /budget/ HTTP/1.1" 200 5802
"GET /static/js/sidebar.js HTTP/1.1" 404 1853
"GET /admin/budgets/budgetcategorylimit/ HTTP/1.1" 200 24329
"GET /admin/jsi18n/ HTTP/1.1" 200 3342
"GET /admin/recurrence/recurrencerule/ HTTP/1.1" 200 22500
"GET /admin/jsi18n/ HTTP/1.1" 200 3342
"GET /admin/goals/financialgoal/ HTTP/1.1" 200 22471
"GET /admin/jsi18n/ HTTP/1.1" 200 3342
C:\Users\muril\ledger\backend\budgets\services.py changed, reloading.
Watching for file changes with StatReloader
"GET /budget/ HTTP/1.1" 200 5802
"GET /static/js/sidebar.js HTTP/1.1" 404 1853
"GET /static/js/budget/budget.js HTTP/1.1" 200 1419
"GET /budget/ HTTP/1.1" 200 5802
"GET /static/css/global.css HTTP/1.1" 200 1115
"GET /static/css/sidebar/sidebar.css HTTP/1.1" 200 9466
"GET /static/js/budget/budget.js HTTP/1.1" 200 1419
"GET /static/css/budget/budget.css HTTP/1.1" 200 1552
"GET /static/js/sidebar.js HTTP/1.1" 404 1853
"GET /static/js/global.js HTTP/1.1" 200 667
Not Found: /favicon.ico
"GET /favicon.ico HTTP/1.1" 404 5624
"GET /budget/ HTTP/1.1" 200 5802
"GET /static/js/budget/budget.js HTTP/1.1" 304 0
"GET /static/js/sidebar.js HTTP/1.1" 404 1853
"GET /transactions/list/ HTTP/1.1" 200 14843
"GET /static/js/sidebar.js HTTP/1.1" 404 1853
"GET /budget/ HTTP/1.1" 200 5802
"GET /static/js/sidebar.js HTTP/1.1" 404 1853
"GET /transactions/list/ HTTP/1.1" 200 14843
"GET /static/js/sidebar.js HTTP/1.1" 404 1853
"GET /transactions/new/ HTTP/1.1" 200 12410
"GET /static/js/sidebar.js HTTP/1.1" 404 1853
"GET /transactions/list/ HTTP/1.1" 200 14843
"GET /static/js/sidebar.js HTTP/1.1" 404 1853
"GET /budget/ HTTP/1.1" 200 5802
"GET /static/js/budget/budget.js HTTP/1.1" 304 0
"GET /static/js/sidebar.js HTTP/1.1" 404 1853
C:\Users\muril\ledger\backend\goals\models.py changed, reloading.
Watching for file changes with StatReloader
C:\Users\muril\ledger\backend\goals\models.py changed, reloading.
Watching for file changes with StatReloader
C:\Users\muril\ledger\backend\goals\models.py changed, reloading.
Watching for file changes with StatReloader
C:\Users\muril\ledger\backend\goals\models.py changed, reloading.
Watching for file changes with StatReloader
C:\Users\muril\ledger\backend\goals\models.py changed, reloading.
Watching for file changes with StatReloader
C:\Users\muril\ledger\backend\goals\models.py changed, reloading.
Watching for file changes with StatReloader
C:\Users\muril\ledger\backend\goals\models.py changed, reloading.
Watching for file changes with StatReloader
C:\Users\muril\ledger\backend\goals\models.py changed, reloading.
Watching for file changes with StatReloader
Watching for file changes with StatReloader
C:\Users\muril\ledger\backend\goals\views.py changed, reloading.
Watching for file changes with StatReloader
C:\Users\muril\ledger\backend\goals\models.py changed, reloading.
Watching for file changes with StatReloader
C:\Users\muril\ledger\backend\goals\urls_api.py changed, reloading.
Watching for file changes with StatReloader
"GET /budget/ HTTP/1.1" 200 5802
"GET /static/js/budget/budget.js HTTP/1.1" 304 0
"GET /static/js/sidebar.js HTTP/1.1" 404 1853
C:\Users\muril\ledger\backend\goals\views.py changed, reloading.
Watching for file changes with StatReloader
"GET /budget/ HTTP/1.1" 200 5802
"GET /static/css/budget/budget.css HTTP/1.1" 304 0
"GET /static/js/sidebar.js HTTP/1.1" 404 1853
"GET /transactions/new/ HTTP/1.1" 200 12410
"GET /static/js/sidebar.js HTTP/1.1" 404 1853
"GET /budget/ HTTP/1.1" 200 5802
"GET /static/js/sidebar.js HTTP/1.1" 404 1853
Internal Server Error: /budget/
Traceback (most recent call last):
  File "C:\Users\muril\ledger\.venv\Lib\site-packages\django\core\handlers\exception.py", line 55, in inner
    response = get_response(request)
  File "C:\Users\muril\ledger\.venv\Lib\site-packages\django\core\handlers\base.py", line 198, in _get_response
    response = wrapped_callback(request, *callback_args, **callback_kwargs)
  File "C:\Users\muril\ledger\.venv\Lib\site-packages\django\contrib\auth\decorators.py", line 59, in _view_wrapper
    return view_func(request, *args, **kwargs)
  File "C:\Users\muril\ledger\backend\budgets\views.py", line 19, in budget_view
    return render(request, 'budget/budget.html', {
        'categories': Category.objects.all()
    })
  File "C:\Users\muril\ledger\.venv\Lib\site-packages\django\shortcuts.py", line 25, in render
    content = loader.render_to_string(template_name, context, request, using=using)
  File "C:\Users\muril\ledger\.venv\Lib\site-packages\django\template\loader.py", line 62, in render_to_string
    return template.render(context, request)
           ~~~~~~~~~~~~~~~^^^^^^^^^^^^^^^^^^
  File "C:\Users\muril\ledger\.venv\Lib\site-packages\django\template\backends\django.py", line 107, in render
    return self.template.render(context)
           ~~~~~~~~~~~~~~~~~~~~^^^^^^^^^
  File "C:\Users\muril\ledger\.venv\Lib\site-packages\django\template\base.py", line 174, in render
    return self._render(context)
           ~~~~~~~~~~~~^^^^^^^^^
  File "C:\Users\muril\ledger\.venv\Lib\site-packages\django\template\base.py", line 166, in _render
    return self.nodelist.render(context)
           ~~~~~~~~~~~~~~~~~~~~^^^^^^^^^
  File "C:\Users\muril\ledger\.venv\Lib\site-packages\django\template\base.py", line 1091, in render
    return SafeString("".join([node.render_annotated(context) for node in self]))
                               ~~~~~~~~~~~~~~~~~~~~~^^^^^^^^^
  File "C:\Users\muril\ledger\.venv\Lib\site-packages\django\template\base.py", line 1052, in render_annotated
    return self.render(context)
           ~~~~~~~~~~~^^^^^^^^^
  File "C:\Users\muril\ledger\.venv\Lib\site-packages\django\template\loader_tags.py", line 160, in render
    return compiled_parent._render(context)
           ~~~~~~~~~~~~~~~~~~~~~~~^^^^^^^^^
  File "C:\Users\muril\ledger\.venv\Lib\site-packages\django\template\base.py", line 166, in _render
    return self.nodelist.render(context)
           ~~~~~~~~~~~~~~~~~~~~^^^^^^^^^
  File "C:\Users\muril\ledger\.venv\Lib\site-packages\django\template\base.py", line 1091, in render
    return SafeString("".join([node.render_annotated(context) for node in self]))
                               ~~~~~~~~~~~~~~~~~~~~~^^^^^^^^^
  File "C:\Users\muril\ledger\.venv\Lib\site-packages\django\template\base.py", line 1052, in render_annotated
    return self.render(context)
           ~~~~~~~~~~~^^^^^^^^^
  File "C:\Users\muril\ledger\.venv\Lib\site-packages\django\template\loader_tags.py", line 211, in render
    return template.render(context)
           ~~~~~~~~~~~~~~~^^^^^^^^^
  File "C:\Users\muril\ledger\.venv\Lib\site-packages\django\template\base.py", line 176, in render
    return self._render(context)
           ~~~~~~~~~~~~^^^^^^^^^
  File "C:\Users\muril\ledger\.venv\Lib\site-packages\django\template\base.py", line 166, in _render
    return self.nodelist.render(context)
           ~~~~~~~~~~~~~~~~~~~~^^^^^^^^^
  File "C:\Users\muril\ledger\.venv\Lib\site-packages\django\template\base.py", line 1091, in render
    return SafeString("".join([node.render_annotated(context) for node in self]))
                               ~~~~~~~~~~~~~~~~~~~~~^^^^^^^^^
  File "C:\Users\muril\ledger\.venv\Lib\site-packages\django\template\base.py", line 1052, in render_annotated
    return self.render(context)
           ~~~~~~~~~~~^^^^^^^^^
  File "C:\Users\muril\ledger\.venv\Lib\site-packages\django\template\defaulttags.py", line 511, in render
    url = reverse(view_name, args=args, kwargs=kwargs, current_app=current_app)
  File "C:\Users\muril\ledger\.venv\Lib\site-packages\django\urls\base.py", line 98, in reverse
    resolved_url = resolver._reverse_with_prefix(view, prefix, *args, **kwargs)
  File "C:\Users\muril\ledger\.venv\Lib\site-packages\django\urls\resolvers.py", line 842, in _reverse_with_prefix
    raise NoReverseMatch(msg)
django.urls.exceptions.NoReverseMatch: Reverse for 'create-financial-goal' not found. 'create-financial-goal' is not a valid view function or pattern name.
"GET /budget/ HTTP/1.1" 500 175116
Not Found: /favicon.ico
"GET /favicon.ico HTTP/1.1" 404 5624
C:\Users\muril\ledger\backend\config\urls.py changed, reloading.
Watching for file changes with StatReloader
"GET /budget/ HTTP/1.1" 200 5812
"GET /static/js/sidebar.js HTTP/1.1" 404 1853
"GET /goals/new/ HTTP/1.1" 200 10125
"GET /static/rest_framework/css/bootstrap.min.css HTTP/1.1" 200 121457
"GET /static/rest_framework/css/bootstrap-tweaks.css HTTP/1.1" 200 3426
"GET /static/rest_framework/css/prettify.css HTTP/1.1" 200 817
"GET /static/rest_framework/css/default.css HTTP/1.1" 200 1152
"GET /static/rest_framework/js/jquery-3.7.1.min.js HTTP/1.1" 200 87533
"GET /static/rest_framework/js/ajax-form.js HTTP/1.1" 200 3796
"GET /static/rest_framework/img/grid.png HTTP/1.1" 200 1458
"GET /static/rest_framework/js/load-ajax-form.js HTTP/1.1" 200 59
"GET /static/rest_framework/js/csrf.js HTTP/1.1" 200 1793
"GET /static/rest_framework/js/default.js HTTP/1.1" 200 1268
"GET /static/rest_framework/js/prettify-min.js HTTP/1.1" 200 13632
"GET /static/rest_framework/js/bootstrap.min.js HTTP/1.1" 200 39680
C:\Users\muril\ledger\backend\goals\views.py changed, reloading.
Watching for file changes with StatReloader
"GET /goals/new/ HTTP/1.1" 200 10125
Internal Server Error: /
Traceback (most recent call last):
  File "C:\Users\muril\ledger\.venv\Lib\site-packages\django\core\handlers\exception.py", line 55, in inner
    response = get_response(request)
  File "C:\Users\muril\ledger\.venv\Lib\site-packages\django\core\handlers\base.py", line 198, in _get_response
    response = wrapped_callback(request, *callback_args, **callback_kwargs)
  File "C:\Users\muril\ledger\.venv\Lib\site-packages\django\contrib\auth\decorators.py", line 59, in _view_wrapper
    return view_func(request, *args, **kwargs)
  File "C:\Users\muril\ledger\backend\users\views.py", line 21, in home
    return render(request, 'home/home.html', {
        'user_name': user_name
    })
  File "C:\Users\muril\ledger\.venv\Lib\site-packages\django\shortcuts.py", line 25, in render
    content = loader.render_to_string(template_name, context, request, using=using)
  File "C:\Users\muril\ledger\.venv\Lib\site-packages\django\template\loader.py", line 62, in render_to_string
    return template.render(context, request)
           ~~~~~~~~~~~~~~~^^^^^^^^^^^^^^^^^^
  File "C:\Users\muril\ledger\.venv\Lib\site-packages\django\template\backends\django.py", line 107, in render
    return self.template.render(context)
           ~~~~~~~~~~~~~~~~~~~~^^^^^^^^^
  File "C:\Users\muril\ledger\.venv\Lib\site-packages\django\template\base.py", line 174, in render
    return self._render(context)
           ~~~~~~~~~~~~^^^^^^^^^
  File "C:\Users\muril\ledger\.venv\Lib\site-packages\django\template\base.py", line 166, in _render
    return self.nodelist.render(context)
           ~~~~~~~~~~~~~~~~~~~~^^^^^^^^^
  File "C:\Users\muril\ledger\.venv\Lib\site-packages\django\template\base.py", line 1091, in render
    return SafeString("".join([node.render_annotated(context) for node in self]))
                               ~~~~~~~~~~~~~~~~~~~~~^^^^^^^^^
  File "C:\Users\muril\ledger\.venv\Lib\site-packages\django\template\base.py", line 1052, in render_annotated
    return self.render(context)
           ~~~~~~~~~~~^^^^^^^^^
  File "C:\Users\muril\ledger\.venv\Lib\site-packages\django\template\loader_tags.py", line 160, in render
    return compiled_parent._render(context)
           ~~~~~~~~~~~~~~~~~~~~~~~^^^^^^^^^
  File "C:\Users\muril\ledger\.venv\Lib\site-packages\django\template\base.py", line 166, in _render
    return self.nodelist.render(context)
           ~~~~~~~~~~~~~~~~~~~~^^^^^^^^^
  File "C:\Users\muril\ledger\.venv\Lib\site-packages\django\template\base.py", line 1091, in render
    return SafeString("".join([node.render_annotated(context) for node in self]))
                               ~~~~~~~~~~~~~~~~~~~~~^^^^^^^^^
  File "C:\Users\muril\ledger\.venv\Lib\site-packages\django\template\base.py", line 1052, in render_annotated
    return self.render(context)
           ~~~~~~~~~~~^^^^^^^^^
  File "C:\Users\muril\ledger\.venv\Lib\site-packages\django\template\loader_tags.py", line 211, in render
    return template.render(context)
           ~~~~~~~~~~~~~~~^^^^^^^^^
  File "C:\Users\muril\ledger\.venv\Lib\site-packages\django\template\base.py", line 176, in render
    return self._render(context)
           ~~~~~~~~~~~~^^^^^^^^^
  File "C:\Users\muril\ledger\.venv\Lib\site-packages\django\template\base.py", line 166, in _render
    return self.nodelist.render(context)
           ~~~~~~~~~~~~~~~~~~~~^^^^^^^^^
  File "C:\Users\muril\ledger\.venv\Lib\site-packages\django\template\base.py", line 1091, in render
    return SafeString("".join([node.render_annotated(context) for node in self]))
                               ~~~~~~~~~~~~~~~~~~~~~^^^^^^^^^
  File "C:\Users\muril\ledger\.venv\Lib\site-packages\django\template\base.py", line 1052, in render_annotated
    return self.render(context)
           ~~~~~~~~~~~^^^^^^^^^
  File "C:\Users\muril\ledger\.venv\Lib\site-packages\django\template\defaulttags.py", line 511, in render
    url = reverse(view_name, args=args, kwargs=kwargs, current_app=current_app)
  File "C:\Users\muril\ledger\.venv\Lib\site-packages\django\urls\base.py", line 98, in reverse
    resolved_url = resolver._reverse_with_prefix(view, prefix, *args, **kwargs)
  File "C:\Users\muril\ledger\.venv\Lib\site-packages\django\urls\resolvers.py", line 842, in _reverse_with_prefix
    raise NoReverseMatch(msg)
django.urls.exceptions.NoReverseMatch: Reverse for 'financial-goals-page' not found. 'financial-goals-page' is not a valid view function or pattern name.
"GET / HTTP/1.1" 500 172258
C:\Users\muril\ledger\backend\goals\urls_web.py changed, reloading.
Watching for file changes with StatReloader
Internal Server Error: /
Traceback (most recent call last):
  File "C:\Users\muril\ledger\.venv\Lib\site-packages\django\core\handlers\exception.py", line 55, in inner
    response = get_response(request)
  File "C:\Users\muril\ledger\.venv\Lib\site-packages\django\core\handlers\base.py", line 198, in _get_response
    response = wrapped_callback(request, *callback_args, **callback_kwargs)
  File "C:\Users\muril\ledger\.venv\Lib\site-packages\django\contrib\auth\decorators.py", line 59, in _view_wrapper
    return view_func(request, *args, **kwargs)
  File "C:\Users\muril\ledger\backend\users\views.py", line 21, in home
    return render(request, 'home/home.html', {
        'user_name': user_name
    })
  File "C:\Users\muril\ledger\.venv\Lib\site-packages\django\shortcuts.py", line 25, in render
    content = loader.render_to_string(template_name, context, request, using=using)
  File "C:\Users\muril\ledger\.venv\Lib\site-packages\django\template\loader.py", line 62, in render_to_string
    return template.render(context, request)
           ~~~~~~~~~~~~~~~^^^^^^^^^^^^^^^^^^
  File "C:\Users\muril\ledger\.venv\Lib\site-packages\django\template\backends\django.py", line 107, in render
    return self.template.render(context)
           ~~~~~~~~~~~~~~~~~~~~^^^^^^^^^
  File "C:\Users\muril\ledger\.venv\Lib\site-packages\django\template\base.py", line 174, in render
    return self._render(context)
           ~~~~~~~~~~~~^^^^^^^^^
  File "C:\Users\muril\ledger\.venv\Lib\site-packages\django\template\base.py", line 166, in _render
    return self.nodelist.render(context)
           ~~~~~~~~~~~~~~~~~~~~^^^^^^^^^
  File "C:\Users\muril\ledger\.venv\Lib\site-packages\django\template\base.py", line 1091, in render
    return SafeString("".join([node.render_annotated(context) for node in self]))
                               ~~~~~~~~~~~~~~~~~~~~~^^^^^^^^^
  File "C:\Users\muril\ledger\.venv\Lib\site-packages\django\template\base.py", line 1052, in render_annotated
    return self.render(context)
           ~~~~~~~~~~~^^^^^^^^^
  File "C:\Users\muril\ledger\.venv\Lib\site-packages\django\template\loader_tags.py", line 160, in render
    return compiled_parent._render(context)
           ~~~~~~~~~~~~~~~~~~~~~~~^^^^^^^^^
  File "C:\Users\muril\ledger\.venv\Lib\site-packages\django\template\base.py", line 166, in _render
    return self.nodelist.render(context)
           ~~~~~~~~~~~~~~~~~~~~^^^^^^^^^
  File "C:\Users\muril\ledger\.venv\Lib\site-packages\django\template\base.py", line 1091, in render
    return SafeString("".join([node.render_annotated(context) for node in self]))
                               ~~~~~~~~~~~~~~~~~~~~~^^^^^^^^^
  File "C:\Users\muril\ledger\.venv\Lib\site-packages\django\template\base.py", line 1052, in render_annotated
    return self.render(context)
           ~~~~~~~~~~~^^^^^^^^^
  File "C:\Users\muril\ledger\.venv\Lib\site-packages\django\template\loader_tags.py", line 211, in render
    return template.render(context)
           ~~~~~~~~~~~~~~~^^^^^^^^^
  File "C:\Users\muril\ledger\.venv\Lib\site-packages\django\template\base.py", line 176, in render
    return self._render(context)
           ~~~~~~~~~~~~^^^^^^^^^
  File "C:\Users\muril\ledger\.venv\Lib\site-packages\django\template\base.py", line 166, in _render
    return self.nodelist.render(context)
           ~~~~~~~~~~~~~~~~~~~~^^^^^^^^^
  File "C:\Users\muril\ledger\.venv\Lib\site-packages\django\template\base.py", line 1091, in render
    return SafeString("".join([node.render_annotated(context) for node in self]))
                               ~~~~~~~~~~~~~~~~~~~~~^^^^^^^^^
  File "C:\Users\muril\ledger\.venv\Lib\site-packages\django\template\base.py", line 1052, in render_annotated
    return self.render(context)
           ~~~~~~~~~~~^^^^^^^^^
  File "C:\Users\muril\ledger\.venv\Lib\site-packages\django\template\defaulttags.py", line 511, in render
    url = reverse(view_name, args=args, kwargs=kwargs, current_app=current_app)
  File "C:\Users\muril\ledger\.venv\Lib\site-packages\django\urls\base.py", line 98, in reverse
    resolved_url = resolver._reverse_with_prefix(view, prefix, *args, **kwargs)
  File "C:\Users\muril\ledger\.venv\Lib\site-packages\django\urls\resolvers.py", line 842, in _reverse_with_prefix
    raise NoReverseMatch(msg)
django.urls.exceptions.NoReverseMatch: Reverse for 'financial-goals-page' not found. 'financial-goals-page' is not a valid view function or pattern name.
"GET / HTTP/1.1" 500 172395
Internal Server Error: /
Traceback (most recent call last):
  File "C:\Users\muril\ledger\.venv\Lib\site-packages\django\core\handlers\exception.py", line 55, in inner
    response = get_response(request)
  File "C:\Users\muril\ledger\.venv\Lib\site-packages\django\core\handlers\base.py", line 198, in _get_response
    response = wrapped_callback(request, *callback_args, **callback_kwargs)
  File "C:\Users\muril\ledger\.venv\Lib\site-packages\django\contrib\auth\decorators.py", line 59, in _view_wrapper
    return view_func(request, *args, **kwargs)
  File "C:\Users\muril\ledger\backend\users\views.py", line 21, in home
    return render(request, 'home/home.html', {
        'user_name': user_name
    })
  File "C:\Users\muril\ledger\.venv\Lib\site-packages\django\shortcuts.py", line 25, in render
    content = loader.render_to_string(template_name, context, request, using=using)
  File "C:\Users\muril\ledger\.venv\Lib\site-packages\django\template\loader.py", line 62, in render_to_string
    return template.render(context, request)
           ~~~~~~~~~~~~~~~^^^^^^^^^^^^^^^^^^
  File "C:\Users\muril\ledger\.venv\Lib\site-packages\django\template\backends\django.py", line 107, in render
    return self.template.render(context)
           ~~~~~~~~~~~~~~~~~~~~^^^^^^^^^
  File "C:\Users\muril\ledger\.venv\Lib\site-packages\django\template\base.py", line 174, in render
    return self._render(context)
           ~~~~~~~~~~~~^^^^^^^^^
  File "C:\Users\muril\ledger\.venv\Lib\site-packages\django\template\base.py", line 166, in _render
    return self.nodelist.render(context)
           ~~~~~~~~~~~~~~~~~~~~^^^^^^^^^
  File "C:\Users\muril\ledger\.venv\Lib\site-packages\django\template\base.py", line 1091, in render
    return SafeString("".join([node.render_annotated(context) for node in self]))
                               ~~~~~~~~~~~~~~~~~~~~~^^^^^^^^^
  File "C:\Users\muril\ledger\.venv\Lib\site-packages\django\template\base.py", line 1052, in render_annotated
    return self.render(context)
           ~~~~~~~~~~~^^^^^^^^^
  File "C:\Users\muril\ledger\.venv\Lib\site-packages\django\template\loader_tags.py", line 160, in render
    return compiled_parent._render(context)
           ~~~~~~~~~~~~~~~~~~~~~~~^^^^^^^^^
  File "C:\Users\muril\ledger\.venv\Lib\site-packages\django\template\base.py", line 166, in _render
    return self.nodelist.render(context)
           ~~~~~~~~~~~~~~~~~~~~^^^^^^^^^
  File "C:\Users\muril\ledger\.venv\Lib\site-packages\django\template\base.py", line 1091, in render
    return SafeString("".join([node.render_annotated(context) for node in self]))
                               ~~~~~~~~~~~~~~~~~~~~~^^^^^^^^^
  File "C:\Users\muril\ledger\.venv\Lib\site-packages\django\template\base.py", line 1052, in render_annotated
    return self.render(context)
           ~~~~~~~~~~~^^^^^^^^^
  File "C:\Users\muril\ledger\.venv\Lib\site-packages\django\template\loader_tags.py", line 211, in render
    return template.render(context)
           ~~~~~~~~~~~~~~~^^^^^^^^^
  File "C:\Users\muril\ledger\.venv\Lib\site-packages\django\template\base.py", line 176, in render
    return self._render(context)
           ~~~~~~~~~~~~^^^^^^^^^
  File "C:\Users\muril\ledger\.venv\Lib\site-packages\django\template\base.py", line 166, in _render
    return self.nodelist.render(context)
           ~~~~~~~~~~~~~~~~~~~~^^^^^^^^^
  File "C:\Users\muril\ledger\.venv\Lib\site-packages\django\template\base.py", line 1091, in render
    return SafeString("".join([node.render_annotated(context) for node in self]))
                               ~~~~~~~~~~~~~~~~~~~~~^^^^^^^^^
  File "C:\Users\muril\ledger\.venv\Lib\site-packages\django\template\base.py", line 1052, in render_annotated
    return self.render(context)
           ~~~~~~~~~~~^^^^^^^^^
  File "C:\Users\muril\ledger\.venv\Lib\site-packages\django\template\defaulttags.py", line 511, in render
    url = reverse(view_name, args=args, kwargs=kwargs, current_app=current_app)
  File "C:\Users\muril\ledger\.venv\Lib\site-packages\django\urls\base.py", line 98, in reverse
    resolved_url = resolver._reverse_with_prefix(view, prefix, *args, **kwargs)
  File "C:\Users\muril\ledger\.venv\Lib\site-packages\django\urls\resolvers.py", line 842, in _reverse_with_prefix
    raise NoReverseMatch(msg)
django.urls.exceptions.NoReverseMatch: Reverse for 'financial-goals-page' not found. 'financial-goals-page' is not a valid view function or pattern name.
"GET / HTTP/1.1" 500 172395
Internal Server Error: /
Traceback (most recent call last):
  File "C:\Users\muril\ledger\.venv\Lib\site-packages\django\core\handlers\exception.py", line 55, in inner
    response = get_response(request)
  File "C:\Users\muril\ledger\.venv\Lib\site-packages\django\core\handlers\base.py", line 198, in _get_response
    response = wrapped_callback(request, *callback_args, **callback_kwargs)
  File "C:\Users\muril\ledger\.venv\Lib\site-packages\django\contrib\auth\decorators.py", line 59, in _view_wrapper
    return view_func(request, *args, **kwargs)
  File "C:\Users\muril\ledger\backend\users\views.py", line 21, in home
    return render(request, 'home/home.html', {
        'user_name': user_name
    })
  File "C:\Users\muril\ledger\.venv\Lib\site-packages\django\shortcuts.py", line 25, in render
    content = loader.render_to_string(template_name, context, request, using=using)
  File "C:\Users\muril\ledger\.venv\Lib\site-packages\django\template\loader.py", line 62, in render_to_string
    return template.render(context, request)
           ~~~~~~~~~~~~~~~^^^^^^^^^^^^^^^^^^
  File "C:\Users\muril\ledger\.venv\Lib\site-packages\django\template\backends\django.py", line 107, in render
    return self.template.render(context)
           ~~~~~~~~~~~~~~~~~~~~^^^^^^^^^
  File "C:\Users\muril\ledger\.venv\Lib\site-packages\django\template\base.py", line 174, in render
    return self._render(context)
           ~~~~~~~~~~~~^^^^^^^^^
  File "C:\Users\muril\ledger\.venv\Lib\site-packages\django\template\base.py", line 166, in _render
    return self.nodelist.render(context)
           ~~~~~~~~~~~~~~~~~~~~^^^^^^^^^
  File "C:\Users\muril\ledger\.venv\Lib\site-packages\django\template\base.py", line 1091, in render
    return SafeString("".join([node.render_annotated(context) for node in self]))
                               ~~~~~~~~~~~~~~~~~~~~~^^^^^^^^^
  File "C:\Users\muril\ledger\.venv\Lib\site-packages\django\template\base.py", line 1052, in render_annotated
    return self.render(context)
           ~~~~~~~~~~~^^^^^^^^^
  File "C:\Users\muril\ledger\.venv\Lib\site-packages\django\template\loader_tags.py", line 160, in render
    return compiled_parent._render(context)
           ~~~~~~~~~~~~~~~~~~~~~~~^^^^^^^^^
  File "C:\Users\muril\ledger\.venv\Lib\site-packages\django\template\base.py", line 166, in _render
    return self.nodelist.render(context)
           ~~~~~~~~~~~~~~~~~~~~^^^^^^^^^
  File "C:\Users\muril\ledger\.venv\Lib\site-packages\django\template\base.py", line 1091, in render
    return SafeString("".join([node.render_annotated(context) for node in self]))
                               ~~~~~~~~~~~~~~~~~~~~~^^^^^^^^^
  File "C:\Users\muril\ledger\.venv\Lib\site-packages\django\template\base.py", line 1052, in render_annotated
    return self.render(context)
           ~~~~~~~~~~~^^^^^^^^^
  File "C:\Users\muril\ledger\.venv\Lib\site-packages\django\template\loader_tags.py", line 211, in render
    return template.render(context)
           ~~~~~~~~~~~~~~~^^^^^^^^^
  File "C:\Users\muril\ledger\.venv\Lib\site-packages\django\template\base.py", line 176, in render
    return self._render(context)
           ~~~~~~~~~~~~^^^^^^^^^
  File "C:\Users\muril\ledger\.venv\Lib\site-packages\django\template\base.py", line 166, in _render
    return self.nodelist.render(context)
           ~~~~~~~~~~~~~~~~~~~~^^^^^^^^^
  File "C:\Users\muril\ledger\.venv\Lib\site-packages\django\template\base.py", line 1091, in render
    return SafeString("".join([node.render_annotated(context) for node in self]))
                               ~~~~~~~~~~~~~~~~~~~~~^^^^^^^^^
  File "C:\Users\muril\ledger\.venv\Lib\site-packages\django\template\base.py", line 1052, in render_annotated
    return self.render(context)
           ~~~~~~~~~~~^^^^^^^^^
  File "C:\Users\muril\ledger\.venv\Lib\site-packages\django\template\defaulttags.py", line 511, in render
    url = reverse(view_name, args=args, kwargs=kwargs, current_app=current_app)
  File "C:\Users\muril\ledger\.venv\Lib\site-packages\django\urls\base.py", line 98, in reverse
    resolved_url = resolver._reverse_with_prefix(view, prefix, *args, **kwargs)
  File "C:\Users\muril\ledger\.venv\Lib\site-packages\django\urls\resolvers.py", line 842, in _reverse_with_prefix
    raise NoReverseMatch(msg)
django.urls.exceptions.NoReverseMatch: Reverse for 'financial-goals-page' not found. 'financial-goals-page' is not a valid view function or pattern name.
"GET / HTTP/1.1" 500 172395
C:\Users\muril\ledger\backend\goals\urls_web.py changed, reloading.
Watching for file changes with StatReloader
Internal Server Error: /
Traceback (most recent call last):
  File "C:\Users\muril\ledger\.venv\Lib\site-packages\django\core\handlers\exception.py", line 55, in inner
    response = get_response(request)
  File "C:\Users\muril\ledger\.venv\Lib\site-packages\django\core\handlers\base.py", line 198, in _get_response
    response = wrapped_callback(request, *callback_args, **callback_kwargs)
  File "C:\Users\muril\ledger\.venv\Lib\site-packages\django\contrib\auth\decorators.py", line 59, in _view_wrapper
    return view_func(request, *args, **kwargs)
  File "C:\Users\muril\ledger\backend\users\views.py", line 21, in home
    return render(request, 'home/home.html', {
        'user_name': user_name
    })
  File "C:\Users\muril\ledger\.venv\Lib\site-packages\django\shortcuts.py", line 25, in render
    content = loader.render_to_string(template_name, context, request, using=using)
  File "C:\Users\muril\ledger\.venv\Lib\site-packages\django\template\loader.py", line 62, in render_to_string
    return template.render(context, request)
           ~~~~~~~~~~~~~~~^^^^^^^^^^^^^^^^^^
  File "C:\Users\muril\ledger\.venv\Lib\site-packages\django\template\backends\django.py", line 107, in render
    return self.template.render(context)
           ~~~~~~~~~~~~~~~~~~~~^^^^^^^^^
  File "C:\Users\muril\ledger\.venv\Lib\site-packages\django\template\base.py", line 174, in render
    return self._render(context)
           ~~~~~~~~~~~~^^^^^^^^^
  File "C:\Users\muril\ledger\.venv\Lib\site-packages\django\template\base.py", line 166, in _render
    return self.nodelist.render(context)
           ~~~~~~~~~~~~~~~~~~~~^^^^^^^^^
  File "C:\Users\muril\ledger\.venv\Lib\site-packages\django\template\base.py", line 1091, in render
    return SafeString("".join([node.render_annotated(context) for node in self]))
                               ~~~~~~~~~~~~~~~~~~~~~^^^^^^^^^
  File "C:\Users\muril\ledger\.venv\Lib\site-packages\django\template\base.py", line 1052, in render_annotated
    return self.render(context)
           ~~~~~~~~~~~^^^^^^^^^
  File "C:\Users\muril\ledger\.venv\Lib\site-packages\django\template\loader_tags.py", line 160, in render
    return compiled_parent._render(context)
           ~~~~~~~~~~~~~~~~~~~~~~~^^^^^^^^^
  File "C:\Users\muril\ledger\.venv\Lib\site-packages\django\template\base.py", line 166, in _render
    return self.nodelist.render(context)
           ~~~~~~~~~~~~~~~~~~~~^^^^^^^^^
  File "C:\Users\muril\ledger\.venv\Lib\site-packages\django\template\base.py", line 1091, in render
    return SafeString("".join([node.render_annotated(context) for node in self]))
                               ~~~~~~~~~~~~~~~~~~~~~^^^^^^^^^
  File "C:\Users\muril\ledger\.venv\Lib\site-packages\django\template\base.py", line 1052, in render_annotated
    return self.render(context)
           ~~~~~~~~~~~^^^^^^^^^
  File "C:\Users\muril\ledger\.venv\Lib\site-packages\django\template\loader_tags.py", line 211, in render
    return template.render(context)
           ~~~~~~~~~~~~~~~^^^^^^^^^
  File "C:\Users\muril\ledger\.venv\Lib\site-packages\django\template\base.py", line 176, in render
    return self._render(context)
           ~~~~~~~~~~~~^^^^^^^^^
  File "C:\Users\muril\ledger\.venv\Lib\site-packages\django\template\base.py", line 166, in _render
    return self.nodelist.render(context)
           ~~~~~~~~~~~~~~~~~~~~^^^^^^^^^
  File "C:\Users\muril\ledger\.venv\Lib\site-packages\django\template\base.py", line 1091, in render
    return SafeString("".join([node.render_annotated(context) for node in self]))
                               ~~~~~~~~~~~~~~~~~~~~~^^^^^^^^^
  File "C:\Users\muril\ledger\.venv\Lib\site-packages\django\template\base.py", line 1052, in render_annotated
    return self.render(context)
           ~~~~~~~~~~~^^^^^^^^^
  File "C:\Users\muril\ledger\.venv\Lib\site-packages\django\template\defaulttags.py", line 511, in render
    url = reverse(view_name, args=args, kwargs=kwargs, current_app=current_app)
  File "C:\Users\muril\ledger\.venv\Lib\site-packages\django\urls\base.py", line 98, in reverse
    resolved_url = resolver._reverse_with_prefix(view, prefix, *args, **kwargs)
  File "C:\Users\muril\ledger\.venv\Lib\site-packages\django\urls\resolvers.py", line 842, in _reverse_with_prefix
    raise NoReverseMatch(msg)
django.urls.exceptions.NoReverseMatch: Reverse for 'financial-goals-page' not found. 'financial-goals-page' is not a valid view function or pattern name.
"GET / HTTP/1.1" 500 172395
C:\Users\muril\ledger\backend\goals\urls_web.py changed, reloading.
Watching for file changes with StatReloader
Watching for file changes with StatReloader
Watching for file changes with StatReloader
"GET / HTTP/1.1" 200 4495
"GET /static/js/sidebar.js HTTP/1.1" 404 1853
"GET /budget/ HTTP/1.1" 200 5808
"GET /static/js/budget/budget.js HTTP/1.1" 304 0
"GET /static/js/sidebar.js HTTP/1.1" 404 1853
"GET /goals/ HTTP/1.1" 200 5845
"GET /static/js/financial_goals/goals.js HTTP/1.1" 200 2270
"GET /static/js/sidebar.js HTTP/1.1" 404 1853
"GET /api/financial-goals/ HTTP/1.1" 200 52
C:\Users\muril\ledger\backend\goals\urls_web.py changed, reloading.
Watching for file changes with StatReloader
Not Found: /goals/
"GET /goals/ HTTP/1.1" 404 5882
Not Found: /goals/
"GET /goals/ HTTP/1.1" 404 5882
Not Found: /favicon.ico
"GET /favicon.ico HTTP/1.1" 404 5897
Not Found: /goals/
"GET /goals/ HTTP/1.1" 404 5882
Not Found: /goals/
"GET /goals/ HTTP/1.1" 404 5882
Not Found: /goals/
"GET /goals/ HTTP/1.1" 404 5882
Not Found: /goals/
"GET /goals/ HTTP/1.1" 404 5882
Not Found: /favicon.ico
"GET /favicon.ico HTTP/1.1" 404 5897
Not Found: /goals/
"GET /goals/ HTTP/1.1" 404 5882
Internal Server Error: /budget/
Traceback (most recent call last):
  File "C:\Users\muril\ledger\.venv\Lib\site-packages\django\urls\base.py", line 81, in reverse
    extra, resolver = resolver.namespace_dict[ns]
                      ~~~~~~~~~~~~~~~~~~~~~~~^^^^
KeyError: 'goals'

During handling of the above exception, another exception occurred:

Traceback (most recent call last):
  File "C:\Users\muril\ledger\.venv\Lib\site-packages\django\core\handlers\exception.py", line 55, in inner
    response = get_response(request)
  File "C:\Users\muril\ledger\.venv\Lib\site-packages\django\core\handlers\base.py", line 198, in _get_response
    response = wrapped_callback(request, *callback_args, **callback_kwargs)
  File "C:\Users\muril\ledger\.venv\Lib\site-packages\django\contrib\auth\decorators.py", line 59, in _view_wrapper
    return view_func(request, *args, **kwargs)
  File "C:\Users\muril\ledger\backend\budgets\views.py", line 19, in budget_view
    return render(request, 'budget/budget.html', {
        'categories': Category.objects.all()
    })
  File "C:\Users\muril\ledger\.venv\Lib\site-packages\django\shortcuts.py", line 25, in render
    content = loader.render_to_string(template_name, context, request, using=using)
  File "C:\Users\muril\ledger\.venv\Lib\site-packages\django\template\loader.py", line 62, in render_to_string
    return template.render(context, request)
           ~~~~~~~~~~~~~~~^^^^^^^^^^^^^^^^^^
  File "C:\Users\muril\ledger\.venv\Lib\site-packages\django\template\backends\django.py", line 107, in render
    return self.template.render(context)
           ~~~~~~~~~~~~~~~~~~~~^^^^^^^^^
  File "C:\Users\muril\ledger\.venv\Lib\site-packages\django\template\base.py", line 174, in render
    return self._render(context)
           ~~~~~~~~~~~~^^^^^^^^^
  File "C:\Users\muril\ledger\.venv\Lib\site-packages\django\template\base.py", line 166, in _render
    return self.nodelist.render(context)
           ~~~~~~~~~~~~~~~~~~~~^^^^^^^^^
  File "C:\Users\muril\ledger\.venv\Lib\site-packages\django\template\base.py", line 1091, in render
    return SafeString("".join([node.render_annotated(context) for node in self]))
                               ~~~~~~~~~~~~~~~~~~~~~^^^^^^^^^
  File "C:\Users\muril\ledger\.venv\Lib\site-packages\django\template\base.py", line 1052, in render_annotated
    return self.render(context)
           ~~~~~~~~~~~^^^^^^^^^
  File "C:\Users\muril\ledger\.venv\Lib\site-packages\django\template\loader_tags.py", line 160, in render
    return compiled_parent._render(context)
           ~~~~~~~~~~~~~~~~~~~~~~~^^^^^^^^^
  File "C:\Users\muril\ledger\.venv\Lib\site-packages\django\template\base.py", line 166, in _render
    return self.nodelist.render(context)
           ~~~~~~~~~~~~~~~~~~~~^^^^^^^^^
  File "C:\Users\muril\ledger\.venv\Lib\site-packages\django\template\base.py", line 1091, in render
    return SafeString("".join([node.render_annotated(context) for node in self]))
                               ~~~~~~~~~~~~~~~~~~~~~^^^^^^^^^
  File "C:\Users\muril\ledger\.venv\Lib\site-packages\django\template\base.py", line 1052, in render_annotated
    return self.render(context)
           ~~~~~~~~~~~^^^^^^^^^
  File "C:\Users\muril\ledger\.venv\Lib\site-packages\django\template\loader_tags.py", line 211, in render
    return template.render(context)
           ~~~~~~~~~~~~~~~^^^^^^^^^
  File "C:\Users\muril\ledger\.venv\Lib\site-packages\django\template\base.py", line 176, in render
    return self._render(context)
           ~~~~~~~~~~~~^^^^^^^^^
  File "C:\Users\muril\ledger\.venv\Lib\site-packages\django\template\base.py", line 166, in _render
    return self.nodelist.render(context)
           ~~~~~~~~~~~~~~~~~~~~^^^^^^^^^
  File "C:\Users\muril\ledger\.venv\Lib\site-packages\django\template\base.py", line 1091, in render
    return SafeString("".join([node.render_annotated(context) for node in self]))
                               ~~~~~~~~~~~~~~~~~~~~~^^^^^^^^^
  File "C:\Users\muril\ledger\.venv\Lib\site-packages\django\template\base.py", line 1052, in render_annotated
    return self.render(context)
           ~~~~~~~~~~~^^^^^^^^^
  File "C:\Users\muril\ledger\.venv\Lib\site-packages\django\template\defaulttags.py", line 511, in render
    url = reverse(view_name, args=args, kwargs=kwargs, current_app=current_app)
  File "C:\Users\muril\ledger\.venv\Lib\site-packages\django\urls\base.py", line 92, in reverse
    raise NoReverseMatch("%s is not a registered namespace" % key)
django.urls.exceptions.NoReverseMatch: 'goals' is not a registered namespace
"GET /budget/ HTTP/1.1" 500 176867
Internal Server Error: /transactions/list/
Traceback (most recent call last):
  File "C:\Users\muril\ledger\.venv\Lib\site-packages\django\urls\base.py", line 81, in reverse
    extra, resolver = resolver.namespace_dict[ns]
                      ~~~~~~~~~~~~~~~~~~~~~~~^^^^
KeyError: 'goals'

During handling of the above exception, another exception occurred:

Traceback (most recent call last):
  File "C:\Users\muril\ledger\.venv\Lib\site-packages\django\core\handlers\exception.py", line 55, in inner
    response = get_response(request)
  File "C:\Users\muril\ledger\.venv\Lib\site-packages\django\core\handlers\base.py", line 198, in _get_response
    response = wrapped_callback(request, *callback_args, **callback_kwargs)
  File "C:\Users\muril\ledger\.venv\Lib\site-packages\django\views\generic\base.py", line 106, in view
    return self.dispatch(request, *args, **kwargs)
           ~~~~~~~~~~~~~^^^^^^^^^^^^^^^^^^^^^^^^^^
  File "C:\Users\muril\ledger\.venv\Lib\site-packages\django\contrib\auth\mixins.py", line 74, in dispatch
    return super().dispatch(request, *args, **kwargs)
           ~~~~~~~~~~~~~~~~^^^^^^^^^^^^^^^^^^^^^^^^^^
  File "C:\Users\muril\ledger\.venv\Lib\site-packages\django\views\generic\base.py", line 145, in dispatch
    return handler(request, *args, **kwargs)
  File "C:\Users\muril\ledger\backend\transactions\views.py", line 84, in get
    return render(request, self.template_name, context)
  File "C:\Users\muril\ledger\.venv\Lib\site-packages\django\shortcuts.py", line 25, in render
    content = loader.render_to_string(template_name, context, request, using=using)
  File "C:\Users\muril\ledger\.venv\Lib\site-packages\django\template\loader.py", line 62, in render_to_string
    return template.render(context, request)
           ~~~~~~~~~~~~~~~^^^^^^^^^^^^^^^^^^
  File "C:\Users\muril\ledger\.venv\Lib\site-packages\django\template\backends\django.py", line 107, in render
    return self.template.render(context)
           ~~~~~~~~~~~~~~~~~~~~^^^^^^^^^
  File "C:\Users\muril\ledger\.venv\Lib\site-packages\django\template\base.py", line 174, in render
    return self._render(context)
           ~~~~~~~~~~~~^^^^^^^^^
  File "C:\Users\muril\ledger\.venv\Lib\site-packages\django\template\base.py", line 166, in _render
    return self.nodelist.render(context)
           ~~~~~~~~~~~~~~~~~~~~^^^^^^^^^
  File "C:\Users\muril\ledger\.venv\Lib\site-packages\django\template\base.py", line 1091, in render
    return SafeString("".join([node.render_annotated(context) for node in self]))
                               ~~~~~~~~~~~~~~~~~~~~~^^^^^^^^^
  File "C:\Users\muril\ledger\.venv\Lib\site-packages\django\template\base.py", line 1052, in render_annotated
    return self.render(context)
           ~~~~~~~~~~~^^^^^^^^^
  File "C:\Users\muril\ledger\.venv\Lib\site-packages\django\template\loader_tags.py", line 160, in render
    return compiled_parent._render(context)
           ~~~~~~~~~~~~~~~~~~~~~~~^^^^^^^^^
  File "C:\Users\muril\ledger\.venv\Lib\site-packages\django\template\base.py", line 166, in _render
    return self.nodelist.render(context)
           ~~~~~~~~~~~~~~~~~~~~^^^^^^^^^
  File "C:\Users\muril\ledger\.venv\Lib\site-packages\django\template\base.py", line 1091, in render
    return SafeString("".join([node.render_annotated(context) for node in self]))
                               ~~~~~~~~~~~~~~~~~~~~~^^^^^^^^^
  File "C:\Users\muril\ledger\.venv\Lib\site-packages\django\template\base.py", line 1052, in render_annotated
    return self.render(context)
           ~~~~~~~~~~~^^^^^^^^^
  File "C:\Users\muril\ledger\.venv\Lib\site-packages\django\template\loader_tags.py", line 211, in render
    return template.render(context)
           ~~~~~~~~~~~~~~~^^^^^^^^^
  File "C:\Users\muril\ledger\.venv\Lib\site-packages\django\template\base.py", line 176, in render
    return self._render(context)
           ~~~~~~~~~~~~^^^^^^^^^
  File "C:\Users\muril\ledger\.venv\Lib\site-packages\django\template\base.py", line 166, in _render
    return self.nodelist.render(context)
           ~~~~~~~~~~~~~~~~~~~~^^^^^^^^^
  File "C:\Users\muril\ledger\.venv\Lib\site-packages\django\template\base.py", line 1091, in render
    return SafeString("".join([node.render_annotated(context) for node in self]))
                               ~~~~~~~~~~~~~~~~~~~~~^^^^^^^^^
  File "C:\Users\muril\ledger\.venv\Lib\site-packages\django\template\base.py", line 1052, in render_annotated
    return self.render(context)
           ~~~~~~~~~~~^^^^^^^^^
  File "C:\Users\muril\ledger\.venv\Lib\site-packages\django\template\defaulttags.py", line 511, in render
    url = reverse(view_name, args=args, kwargs=kwargs, current_app=current_app)
  File "C:\Users\muril\ledger\.venv\Lib\site-packages\django\urls\base.py", line 92, in reverse
    raise NoReverseMatch("%s is not a registered namespace" % key)
django.urls.exceptions.NoReverseMatch: 'goals' is not a registered namespace
"GET /transactions/list/ HTTP/1.1" 500 210756
Watching for file changes with StatReloader
Internal Server Error: /transactions/list/
Traceback (most recent call last):
  File "C:\Users\muril\ledger\.venv\Lib\site-packages\django\urls\base.py", line 81, in reverse
    extra, resolver = resolver.namespace_dict[ns]
                      ~~~~~~~~~~~~~~~~~~~~~~~^^^^
KeyError: 'goals'

During handling of the above exception, another exception occurred:

Traceback (most recent call last):
  File "C:\Users\muril\ledger\.venv\Lib\site-packages\django\core\handlers\exception.py", line 55, in inner
    response = get_response(request)
  File "C:\Users\muril\ledger\.venv\Lib\site-packages\django\core\handlers\base.py", line 198, in _get_response
    response = wrapped_callback(request, *callback_args, **callback_kwargs)
  File "C:\Users\muril\ledger\.venv\Lib\site-packages\django\views\generic\base.py", line 106, in view
    return self.dispatch(request, *args, **kwargs)
           ~~~~~~~~~~~~~^^^^^^^^^^^^^^^^^^^^^^^^^^
  File "C:\Users\muril\ledger\.venv\Lib\site-packages\django\contrib\auth\mixins.py", line 74, in dispatch
    return super().dispatch(request, *args, **kwargs)
           ~~~~~~~~~~~~~~~~^^^^^^^^^^^^^^^^^^^^^^^^^^
  File "C:\Users\muril\ledger\.venv\Lib\site-packages\django\views\generic\base.py", line 145, in dispatch
    return handler(request, *args, **kwargs)
  File "C:\Users\muril\ledger\backend\transactions\views.py", line 84, in get
    return render(request, self.template_name, context)
  File "C:\Users\muril\ledger\.venv\Lib\site-packages\django\shortcuts.py", line 25, in render
    content = loader.render_to_string(template_name, context, request, using=using)
  File "C:\Users\muril\ledger\.venv\Lib\site-packages\django\template\loader.py", line 62, in render_to_string
    return template.render(context, request)
           ~~~~~~~~~~~~~~~^^^^^^^^^^^^^^^^^^
  File "C:\Users\muril\ledger\.venv\Lib\site-packages\django\template\backends\django.py", line 107, in render
    return self.template.render(context)
           ~~~~~~~~~~~~~~~~~~~~^^^^^^^^^
  File "C:\Users\muril\ledger\.venv\Lib\site-packages\django\template\base.py", line 174, in render
    return self._render(context)
           ~~~~~~~~~~~~^^^^^^^^^
  File "C:\Users\muril\ledger\.venv\Lib\site-packages\django\template\base.py", line 166, in _render
    return self.nodelist.render(context)
           ~~~~~~~~~~~~~~~~~~~~^^^^^^^^^
  File "C:\Users\muril\ledger\.venv\Lib\site-packages\django\template\base.py", line 1091, in render
    return SafeString("".join([node.render_annotated(context) for node in self]))
                               ~~~~~~~~~~~~~~~~~~~~~^^^^^^^^^
  File "C:\Users\muril\ledger\.venv\Lib\site-packages\django\template\base.py", line 1052, in render_annotated
    return self.render(context)
           ~~~~~~~~~~~^^^^^^^^^
  File "C:\Users\muril\ledger\.venv\Lib\site-packages\django\template\loader_tags.py", line 160, in render
    return compiled_parent._render(context)
           ~~~~~~~~~~~~~~~~~~~~~~~^^^^^^^^^
  File "C:\Users\muril\ledger\.venv\Lib\site-packages\django\template\base.py", line 166, in _render
    return self.nodelist.render(context)
           ~~~~~~~~~~~~~~~~~~~~^^^^^^^^^
  File "C:\Users\muril\ledger\.venv\Lib\site-packages\django\template\base.py", line 1091, in render
    return SafeString("".join([node.render_annotated(context) for node in self]))
                               ~~~~~~~~~~~~~~~~~~~~~^^^^^^^^^
  File "C:\Users\muril\ledger\.venv\Lib\site-packages\django\template\base.py", line 1052, in render_annotated
    return self.render(context)
           ~~~~~~~~~~~^^^^^^^^^
  File "C:\Users\muril\ledger\.venv\Lib\site-packages\django\template\loader_tags.py", line 211, in render
    return template.render(context)
           ~~~~~~~~~~~~~~~^^^^^^^^^
  File "C:\Users\muril\ledger\.venv\Lib\site-packages\django\template\base.py", line 176, in render
    return self._render(context)
           ~~~~~~~~~~~~^^^^^^^^^
  File "C:\Users\muril\ledger\.venv\Lib\site-packages\django\template\base.py", line 166, in _render
    return self.nodelist.render(context)
           ~~~~~~~~~~~~~~~~~~~~^^^^^^^^^
  File "C:\Users\muril\ledger\.venv\Lib\site-packages\django\template\base.py", line 1091, in render
    return SafeString("".join([node.render_annotated(context) for node in self]))
                               ~~~~~~~~~~~~~~~~~~~~~^^^^^^^^^
  File "C:\Users\muril\ledger\.venv\Lib\site-packages\django\template\base.py", line 1052, in render_annotated
    return self.render(context)
           ~~~~~~~~~~~^^^^^^^^^
  File "C:\Users\muril\ledger\.venv\Lib\site-packages\django\template\defaulttags.py", line 511, in render
    url = reverse(view_name, args=args, kwargs=kwargs, current_app=current_app)
  File "C:\Users\muril\ledger\.venv\Lib\site-packages\django\urls\base.py", line 92, in reverse
    raise NoReverseMatch("%s is not a registered namespace" % key)
django.urls.exceptions.NoReverseMatch: 'goals' is not a registered namespace
"GET /transactions/list/ HTTP/1.1" 500 210893
Internal Server Error: /transactions/list/
Traceback (most recent call last):
  File "C:\Users\muril\ledger\.venv\Lib\site-packages\django\urls\base.py", line 81, in reverse
    extra, resolver = resolver.namespace_dict[ns]
                      ~~~~~~~~~~~~~~~~~~~~~~~^^^^
KeyError: 'goals'

During handling of the above exception, another exception occurred:

Traceback (most recent call last):
  File "C:\Users\muril\ledger\.venv\Lib\site-packages\django\core\handlers\exception.py", line 55, in inner
    response = get_response(request)
  File "C:\Users\muril\ledger\.venv\Lib\site-packages\django\core\handlers\base.py", line 198, in _get_response
    response = wrapped_callback(request, *callback_args, **callback_kwargs)
  File "C:\Users\muril\ledger\.venv\Lib\site-packages\django\views\generic\base.py", line 106, in view
    return self.dispatch(request, *args, **kwargs)
           ~~~~~~~~~~~~~^^^^^^^^^^^^^^^^^^^^^^^^^^
  File "C:\Users\muril\ledger\.venv\Lib\site-packages\django\contrib\auth\mixins.py", line 74, in dispatch
    return super().dispatch(request, *args, **kwargs)
           ~~~~~~~~~~~~~~~~^^^^^^^^^^^^^^^^^^^^^^^^^^
  File "C:\Users\muril\ledger\.venv\Lib\site-packages\django\views\generic\base.py", line 145, in dispatch
    return handler(request, *args, **kwargs)
  File "C:\Users\muril\ledger\backend\transactions\views.py", line 84, in get
    return render(request, self.template_name, context)
  File "C:\Users\muril\ledger\.venv\Lib\site-packages\django\shortcuts.py", line 25, in render
    content = loader.render_to_string(template_name, context, request, using=using)
  File "C:\Users\muril\ledger\.venv\Lib\site-packages\django\template\loader.py", line 62, in render_to_string
    return template.render(context, request)
           ~~~~~~~~~~~~~~~^^^^^^^^^^^^^^^^^^
  File "C:\Users\muril\ledger\.venv\Lib\site-packages\django\template\backends\django.py", line 107, in render
    return self.template.render(context)
           ~~~~~~~~~~~~~~~~~~~~^^^^^^^^^
  File "C:\Users\muril\ledger\.venv\Lib\site-packages\django\template\base.py", line 174, in render
    return self._render(context)
           ~~~~~~~~~~~~^^^^^^^^^
  File "C:\Users\muril\ledger\.venv\Lib\site-packages\django\template\base.py", line 166, in _render
    return self.nodelist.render(context)
           ~~~~~~~~~~~~~~~~~~~~^^^^^^^^^
  File "C:\Users\muril\ledger\.venv\Lib\site-packages\django\template\base.py", line 1091, in render
    return SafeString("".join([node.render_annotated(context) for node in self]))
                               ~~~~~~~~~~~~~~~~~~~~~^^^^^^^^^
  File "C:\Users\muril\ledger\.venv\Lib\site-packages\django\template\base.py", line 1052, in render_annotated
    return self.render(context)
           ~~~~~~~~~~~^^^^^^^^^
  File "C:\Users\muril\ledger\.venv\Lib\site-packages\django\template\loader_tags.py", line 160, in render
    return compiled_parent._render(context)
           ~~~~~~~~~~~~~~~~~~~~~~~^^^^^^^^^
  File "C:\Users\muril\ledger\.venv\Lib\site-packages\django\template\base.py", line 166, in _render
    return self.nodelist.render(context)
           ~~~~~~~~~~~~~~~~~~~~^^^^^^^^^
  File "C:\Users\muril\ledger\.venv\Lib\site-packages\django\template\base.py", line 1091, in render
    return SafeString("".join([node.render_annotated(context) for node in self]))
                               ~~~~~~~~~~~~~~~~~~~~~^^^^^^^^^
  File "C:\Users\muril\ledger\.venv\Lib\site-packages\django\template\base.py", line 1052, in render_annotated
    return self.render(context)
           ~~~~~~~~~~~^^^^^^^^^
  File "C:\Users\muril\ledger\.venv\Lib\site-packages\django\template\loader_tags.py", line 211, in render
    return template.render(context)
           ~~~~~~~~~~~~~~~^^^^^^^^^
  File "C:\Users\muril\ledger\.venv\Lib\site-packages\django\template\base.py", line 176, in render
    return self._render(context)
           ~~~~~~~~~~~~^^^^^^^^^
  File "C:\Users\muril\ledger\.venv\Lib\site-packages\django\template\base.py", line 166, in _render
    return self.nodelist.render(context)
           ~~~~~~~~~~~~~~~~~~~~^^^^^^^^^
  File "C:\Users\muril\ledger\.venv\Lib\site-packages\django\template\base.py", line 1091, in render
    return SafeString("".join([node.render_annotated(context) for node in self]))
                               ~~~~~~~~~~~~~~~~~~~~~^^^^^^^^^
  File "C:\Users\muril\ledger\.venv\Lib\site-packages\django\template\base.py", line 1052, in render_annotated
    return self.render(context)
           ~~~~~~~~~~~^^^^^^^^^
  File "C:\Users\muril\ledger\.venv\Lib\site-packages\django\template\defaulttags.py", line 511, in render
    url = reverse(view_name, args=args, kwargs=kwargs, current_app=current_app)
  File "C:\Users\muril\ledger\.venv\Lib\site-packages\django\urls\base.py", line 92, in reverse
    raise NoReverseMatch("%s is not a registered namespace" % key)
django.urls.exceptions.NoReverseMatch: 'goals' is not a registered namespace
"GET /transactions/list/ HTTP/1.1" 500 210893
Internal Server Error: /
Traceback (most recent call last):
  File "C:\Users\muril\ledger\.venv\Lib\site-packages\django\urls\base.py", line 81, in reverse
    extra, resolver = resolver.namespace_dict[ns]
                      ~~~~~~~~~~~~~~~~~~~~~~~^^^^
KeyError: 'goals'

During handling of the above exception, another exception occurred:

Traceback (most recent call last):
  File "C:\Users\muril\ledger\.venv\Lib\site-packages\django\core\handlers\exception.py", line 55, in inner
    response = get_response(request)
  File "C:\Users\muril\ledger\.venv\Lib\site-packages\django\core\handlers\base.py", line 198, in _get_response
    response = wrapped_callback(request, *callback_args, **callback_kwargs)
  File "C:\Users\muril\ledger\.venv\Lib\site-packages\django\contrib\auth\decorators.py", line 59, in _view_wrapper
    return view_func(request, *args, **kwargs)
  File "C:\Users\muril\ledger\backend\users\views.py", line 21, in home
    return render(request, 'home/home.html', {
        'user_name': user_name
    })
  File "C:\Users\muril\ledger\.venv\Lib\site-packages\django\shortcuts.py", line 25, in render
    content = loader.render_to_string(template_name, context, request, using=using)
  File "C:\Users\muril\ledger\.venv\Lib\site-packages\django\template\loader.py", line 62, in render_to_string
    return template.render(context, request)
           ~~~~~~~~~~~~~~~^^^^^^^^^^^^^^^^^^
  File "C:\Users\muril\ledger\.venv\Lib\site-packages\django\template\backends\django.py", line 107, in render
    return self.template.render(context)
           ~~~~~~~~~~~~~~~~~~~~^^^^^^^^^
  File "C:\Users\muril\ledger\.venv\Lib\site-packages\django\template\base.py", line 174, in render
    return self._render(context)
           ~~~~~~~~~~~~^^^^^^^^^
  File "C:\Users\muril\ledger\.venv\Lib\site-packages\django\template\base.py", line 166, in _render
    return self.nodelist.render(context)
           ~~~~~~~~~~~~~~~~~~~~^^^^^^^^^
  File "C:\Users\muril\ledger\.venv\Lib\site-packages\django\template\base.py", line 1091, in render
    return SafeString("".join([node.render_annotated(context) for node in self]))
                               ~~~~~~~~~~~~~~~~~~~~~^^^^^^^^^
  File "C:\Users\muril\ledger\.venv\Lib\site-packages\django\template\base.py", line 1052, in render_annotated
    return self.render(context)
           ~~~~~~~~~~~^^^^^^^^^
  File "C:\Users\muril\ledger\.venv\Lib\site-packages\django\template\loader_tags.py", line 160, in render
    return compiled_parent._render(context)
           ~~~~~~~~~~~~~~~~~~~~~~~^^^^^^^^^
  File "C:\Users\muril\ledger\.venv\Lib\site-packages\django\template\base.py", line 166, in _render
    return self.nodelist.render(context)
           ~~~~~~~~~~~~~~~~~~~~^^^^^^^^^
  File "C:\Users\muril\ledger\.venv\Lib\site-packages\django\template\base.py", line 1091, in render
    return SafeString("".join([node.render_annotated(context) for node in self]))
                               ~~~~~~~~~~~~~~~~~~~~~^^^^^^^^^
  File "C:\Users\muril\ledger\.venv\Lib\site-packages\django\template\base.py", line 1052, in render_annotated
    return self.render(context)
           ~~~~~~~~~~~^^^^^^^^^
  File "C:\Users\muril\ledger\.venv\Lib\site-packages\django\template\loader_tags.py", line 211, in render
    return template.render(context)
           ~~~~~~~~~~~~~~~^^^^^^^^^
  File "C:\Users\muril\ledger\.venv\Lib\site-packages\django\template\base.py", line 176, in render
    return self._render(context)
           ~~~~~~~~~~~~^^^^^^^^^
  File "C:\Users\muril\ledger\.venv\Lib\site-packages\django\template\base.py", line 166, in _render
    return self.nodelist.render(context)
           ~~~~~~~~~~~~~~~~~~~~^^^^^^^^^
  File "C:\Users\muril\ledger\.venv\Lib\site-packages\django\template\base.py", line 1091, in render
    return SafeString("".join([node.render_annotated(context) for node in self]))
                               ~~~~~~~~~~~~~~~~~~~~~^^^^^^^^^
  File "C:\Users\muril\ledger\.venv\Lib\site-packages\django\template\base.py", line 1052, in render_annotated
    return self.render(context)
           ~~~~~~~~~~~^^^^^^^^^
  File "C:\Users\muril\ledger\.venv\Lib\site-packages\django\template\defaulttags.py", line 511, in render
    url = reverse(view_name, args=args, kwargs=kwargs, current_app=current_app)
  File "C:\Users\muril\ledger\.venv\Lib\site-packages\django\urls\base.py", line 92, in reverse
    raise NoReverseMatch("%s is not a registered namespace" % key)
django.urls.exceptions.NoReverseMatch: 'goals' is not a registered namespace
"GET / HTTP/1.1" 500 174308
Internal Server Error: /
Traceback (most recent call last):
  File "C:\Users\muril\ledger\.venv\Lib\site-packages\django\urls\base.py", line 81, in reverse
    extra, resolver = resolver.namespace_dict[ns]
                      ~~~~~~~~~~~~~~~~~~~~~~~^^^^
KeyError: 'goals'

During handling of the above exception, another exception occurred:

Traceback (most recent call last):
  File "C:\Users\muril\ledger\.venv\Lib\site-packages\django\core\handlers\exception.py", line 55, in inner
    response = get_response(request)
  File "C:\Users\muril\ledger\.venv\Lib\site-packages\django\core\handlers\base.py", line 198, in _get_response
    response = wrapped_callback(request, *callback_args, **callback_kwargs)
  File "C:\Users\muril\ledger\.venv\Lib\site-packages\django\contrib\auth\decorators.py", line 59, in _view_wrapper
    return view_func(request, *args, **kwargs)
  File "C:\Users\muril\ledger\backend\users\views.py", line 21, in home
    return render(request, 'home/home.html', {
        'user_name': user_name
    })
  File "C:\Users\muril\ledger\.venv\Lib\site-packages\django\shortcuts.py", line 25, in render
    content = loader.render_to_string(template_name, context, request, using=using)
  File "C:\Users\muril\ledger\.venv\Lib\site-packages\django\template\loader.py", line 62, in render_to_string
    return template.render(context, request)
           ~~~~~~~~~~~~~~~^^^^^^^^^^^^^^^^^^
  File "C:\Users\muril\ledger\.venv\Lib\site-packages\django\template\backends\django.py", line 107, in render
    return self.template.render(context)
           ~~~~~~~~~~~~~~~~~~~~^^^^^^^^^
  File "C:\Users\muril\ledger\.venv\Lib\site-packages\django\template\base.py", line 174, in render
    return self._render(context)
           ~~~~~~~~~~~~^^^^^^^^^
  File "C:\Users\muril\ledger\.venv\Lib\site-packages\django\template\base.py", line 166, in _render
    return self.nodelist.render(context)
           ~~~~~~~~~~~~~~~~~~~~^^^^^^^^^
  File "C:\Users\muril\ledger\.venv\Lib\site-packages\django\template\base.py", line 1091, in render
    return SafeString("".join([node.render_annotated(context) for node in self]))
                               ~~~~~~~~~~~~~~~~~~~~~^^^^^^^^^
  File "C:\Users\muril\ledger\.venv\Lib\site-packages\django\template\base.py", line 1052, in render_annotated
    return self.render(context)
           ~~~~~~~~~~~^^^^^^^^^
  File "C:\Users\muril\ledger\.venv\Lib\site-packages\django\template\loader_tags.py", line 160, in render
    return compiled_parent._render(context)
           ~~~~~~~~~~~~~~~~~~~~~~~^^^^^^^^^
  File "C:\Users\muril\ledger\.venv\Lib\site-packages\django\template\base.py", line 166, in _render
    return self.nodelist.render(context)
           ~~~~~~~~~~~~~~~~~~~~^^^^^^^^^
  File "C:\Users\muril\ledger\.venv\Lib\site-packages\django\template\base.py", line 1091, in render
    return SafeString("".join([node.render_annotated(context) for node in self]))
                               ~~~~~~~~~~~~~~~~~~~~~^^^^^^^^^
  File "C:\Users\muril\ledger\.venv\Lib\site-packages\django\template\base.py", line 1052, in render_annotated
    return self.render(context)
           ~~~~~~~~~~~^^^^^^^^^
  File "C:\Users\muril\ledger\.venv\Lib\site-packages\django\template\loader_tags.py", line 211, in render
    return template.render(context)
           ~~~~~~~~~~~~~~~^^^^^^^^^
  File "C:\Users\muril\ledger\.venv\Lib\site-packages\django\template\base.py", line 176, in render
    return self._render(context)
           ~~~~~~~~~~~~^^^^^^^^^
  File "C:\Users\muril\ledger\.venv\Lib\site-packages\django\template\base.py", line 166, in _render
    return self.nodelist.render(context)
           ~~~~~~~~~~~~~~~~~~~~^^^^^^^^^
  File "C:\Users\muril\ledger\.venv\Lib\site-packages\django\template\base.py", line 1091, in render
    return SafeString("".join([node.render_annotated(context) for node in self]))
                               ~~~~~~~~~~~~~~~~~~~~~^^^^^^^^^
  File "C:\Users\muril\ledger\.venv\Lib\site-packages\django\template\base.py", line 1052, in render_annotated
    return self.render(context)
           ~~~~~~~~~~~^^^^^^^^^
  File "C:\Users\muril\ledger\.venv\Lib\site-packages\django\template\defaulttags.py", line 511, in render
    url = reverse(view_name, args=args, kwargs=kwargs, current_app=current_app)
  File "C:\Users\muril\ledger\.venv\Lib\site-packages\django\urls\base.py", line 92, in reverse
    raise NoReverseMatch("%s is not a registered namespace" % key)
django.urls.exceptions.NoReverseMatch: 'goals' is not a registered namespace
"GET / HTTP/1.1" 500 174445
C:\Users\muril\ledger\backend\goals\urls_web.py changed, reloading.
Watching for file changes with StatReloader
C:\Users\muril\ledger\backend\goals\urls_web.py changed, reloading.
Watching for file changes with StatReloader
"GET / HTTP/1.1" 200 4495
"GET /static/js/sidebar.js HTTP/1.1" 404 1853
"GET /goals/ HTTP/1.1" 200 5845
"GET /static/js/financial_goals/goals.js HTTP/1.1" 304 0
"GET /static/js/sidebar.js HTTP/1.1" 404 1853
"GET /api/financial-goals/ HTTP/1.1" 200 52
C:\Users\muril\ledger\backend\goals\urls_web.py changed, reloading.
Watching for file changes with StatReloader
"POST /api/financial-goals/ HTTP/1.1" 201 200
"GET /api/financial-goals/ HTTP/1.1" 200 252
"GET /admin/ HTTP/1.1" 200 28078
"GET /admin/goals/financialgoal/ HTTP/1.1" 200 24909
"GET /admin/jsi18n/ HTTP/1.1" 200 3342
"GET /admin/goals/financialgoal/a74ba35a-c5fa-433d-a057-943fb6ade734/change/ HTTP/1.1" 200 28525
"GET /admin/jsi18n/ HTTP/1.1" 200 3342
Watching for file changes with StatReloader
"GET / HTTP/1.1" 200 4495
"GET /static/js/sidebar.js HTTP/1.1" 404 1853
"GET /static/css/sidebar/sidebar.css HTTP/1.1" 200 9466
"GET /static/css/global.css HTTP/1.1" 200 1115
"GET /static/js/global.js HTTP/1.1" 200 667
Not Found: /favicon.ico
"GET /favicon.ico HTTP/1.1" 404 5892
"GET /goals/ HTTP/1.1" 200 5845
"GET /static/js/sidebar.js HTTP/1.1" 404 1853
"GET /static/js/financial_goals/goals.js HTTP/1.1" 200 2270
"GET /api/financial-goals/ HTTP/1.1" 200 252
"GET /budget/ HTTP/1.1" 200 5808
"GET /static/css/budget/budget.css HTTP/1.1" 200 1552
"GET /static/js/sidebar.js HTTP/1.1" 404 1853
"GET /static/js/budget/budget.js HTTP/1.1" 200 1419
"GET /transactions/list/ HTTP/1.1" 200 14849
"GET /static/css/transactions/transaction_history.css HTTP/1.1" 200 3163
"GET /static/js/sidebar.js HTTP/1.1" 404 1853
"GET /transactions/new/ HTTP/1.1" 200 12416
"GET /static/css/transactions/transaction.css HTTP/1.1" 200 7430
"GET /static/js/sidebar.js HTTP/1.1" 404 1853
"GET /static/img/box-in.png HTTP/1.1" 200 10894
"GET /static/img/box-out.png HTTP/1.1" 200 10897
"GET /static/js/transactions/transaction-form.js HTTP/1.1" 200 9039
"GET /transactions/new/ HTTP/1.1" 200 12416
"GET /static/js/sidebar.js HTTP/1.1" 404 1853
"GET /transactions/list/ HTTP/1.1" 200 14849
"GET /static/js/sidebar.js HTTP/1.1" 404 1853
"GET /budget/ HTTP/1.1" 200 5808
"GET /static/js/sidebar.js HTTP/1.1" 404 1853
"GET /goals/ HTTP/1.1" 200 5845
"GET /static/js/sidebar.js HTTP/1.1" 404 1853
"GET /api/financial-goals/ HTTP/1.1" 200 252
"GET /home/ HTTP/1.1" 200 4495
"GET /static/js/sidebar.js HTTP/1.1" 404 1853
C:\Users\muril\ledger\backend\accounts\models.py changed, reloading.
Watching for file changes with StatReloader
C:\Users\muril\ledger\backend\home\views.py changed, reloading.
Watching for file changes with StatReloader
C:\Users\muril\ledger\backend\home\urls_web.py changed, reloading.
Watching for file changes with StatReloader
Internal Server Error: /home/
Traceback (most recent call last):
  File "C:\Users\muril\ledger\backend\venv\Lib\site-packages\django\template\defaulttags.py", line 1067, in find_library
    return parser.libraries[name]
           ~~~~~~~~~~~~~~~~^^^^^^
KeyError: 'humanize'

During handling of the above exception, another exception occurred:

Traceback (most recent call last):
  File "C:\Users\muril\ledger\backend\venv\Lib\site-packages\django\core\handlers\exception.py", line 55, in inner
    response = get_response(request)
  File "C:\Users\muril\ledger\backend\venv\Lib\site-packages\django\core\handlers\base.py", line 198, in _get_response
    response = wrapped_callback(request, *callback_args, **callback_kwargs)
  File "C:\Users\muril\ledger\backend\venv\Lib\site-packages\django\contrib\auth\decorators.py", line 59, in _view_wrapper
    return view_func(request, *args, **kwargs)
  File "C:\Users\muril\ledger\backend\users\views.py", line 21, in home
    return render(request, 'home/home.html', {
        'user_name': user_name
    })
  File "C:\Users\muril\ledger\backend\venv\Lib\site-packages\django\shortcuts.py", line 25, in render
    content = loader.render_to_string(template_name, context, request, using=using)
  File "C:\Users\muril\ledger\backend\venv\Lib\site-packages\django\template\loader.py", line 61, in render_to_string
    template = get_template(template_name, using=using)
  File "C:\Users\muril\ledger\backend\venv\Lib\site-packages\django\template\loader.py", line 15, in get_template
    return engine.get_template(template_name)
           ~~~~~~~~~~~~~~~~~~~^^^^^^^^^^^^^^^
  File "C:\Users\muril\ledger\backend\venv\Lib\site-packages\django\template\backends\django.py", line 79, in get_template
    return Template(self.engine.get_template(template_name), self)
                    ~~~~~~~~~~~~~~~~~~~~~~~~^^^^^^^^^^^^^^^
  File "C:\Users\muril\ledger\backend\venv\Lib\site-packages\django\template\engine.py", line 186, in get_template
    template, origin = self.find_template(template_name)
                       ~~~~~~~~~~~~~~~~~~^^^^^^^^^^^^^^^
  File "C:\Users\muril\ledger\backend\venv\Lib\site-packages\django\template\engine.py", line 159, in find_template
    template = loader.get_template(name, skip=skip)
  File "C:\Users\muril\ledger\backend\venv\Lib\site-packages\django\template\loaders\cached.py", line 57, in get_template
    template = super().get_template(template_name, skip)
  File "C:\Users\muril\ledger\backend\venv\Lib\site-packages\django\template\loaders\base.py", line 28, in get_template
    return Template(
        contents,
    ...<2 lines>...
        self.engine,
    )
  File "C:\Users\muril\ledger\backend\venv\Lib\site-packages\django\template\base.py", line 157, in __init__
    self.nodelist = self.compile_nodelist()
                    ~~~~~~~~~~~~~~~~~~~~~^^
  File "C:\Users\muril\ledger\backend\venv\Lib\site-packages\django\template\base.py", line 199, in compile_nodelist
    nodelist = parser.parse()
  File "C:\Users\muril\ledger\backend\venv\Lib\site-packages\django\template\base.py", line 585, in parse
    raise self.error(token, e)
  File "C:\Users\muril\ledger\backend\venv\Lib\site-packages\django\template\base.py", line 583, in parse
    compiled_result = compile_func(self, token)
  File "C:\Users\muril\ledger\backend\venv\Lib\site-packages\django\template\loader_tags.py", line 307, in do_extends
    nodelist = parser.parse()
  File "C:\Users\muril\ledger\backend\venv\Lib\site-packages\django\template\base.py", line 585, in parse
    raise self.error(token, e)
  File "C:\Users\muril\ledger\backend\venv\Lib\site-packages\django\template\base.py", line 583, in parse
    compiled_result = compile_func(self, token)
  File "C:\Users\muril\ledger\backend\venv\Lib\site-packages\django\template\defaulttags.py", line 1129, in load
    lib = find_library(parser, name)
  File "C:\Users\muril\ledger\backend\venv\Lib\site-packages\django\template\defaulttags.py", line 1069, in find_library
    raise TemplateSyntaxError(
    ...<5 lines>...
    )
django.template.exceptions.TemplateSyntaxError: Template: C:\Users\muril\ledger\frontend\templates\home\home.html, 'humanize' is not a registered tag library. Must be one of:
account
admin_list
admin_modify
admin_urls
allauth
auth
cache
i18n
l10n
log
rest_framework
socialaccount
static
tz
"GET /home/ HTTP/1.1" 500 177718
Watching for file changes with StatReloader
Internal Server Error: /home/
Traceback (most recent call last):
  File "C:\Users\muril\ledger\backend\venv\Lib\site-packages\django\core\handlers\exception.py", line 55, in inner
    response = get_response(request)
  File "C:\Users\muril\ledger\backend\venv\Lib\site-packages\django\core\handlers\base.py", line 198, in _get_response
    response = wrapped_callback(request, *callback_args, **callback_kwargs)
  File "C:\Users\muril\ledger\backend\venv\Lib\site-packages\django\contrib\auth\decorators.py", line 59, in _view_wrapper
    return view_func(request, *args, **kwargs)
  File "C:\Users\muril\ledger\backend\users\views.py", line 21, in home
    return render(request, 'home/home.html', {
        'user_name': user_name
    })
  File "C:\Users\muril\ledger\backend\venv\Lib\site-packages\django\shortcuts.py", line 25, in render
    content = loader.render_to_string(template_name, context, request, using=using)
  File "C:\Users\muril\ledger\backend\venv\Lib\site-packages\django\template\loader.py", line 61, in render_to_string
    template = get_template(template_name, using=using)
  File "C:\Users\muril\ledger\backend\venv\Lib\site-packages\django\template\loader.py", line 15, in get_template
    return engine.get_template(template_name)
           ~~~~~~~~~~~~~~~~~~~^^^^^^^^^^^^^^^
  File "C:\Users\muril\ledger\backend\venv\Lib\site-packages\django\template\backends\django.py", line 79, in get_template
    return Template(self.engine.get_template(template_name), self)
                    ~~~~~~~~~~~~~~~~~~~~~~~~^^^^^^^^^^^^^^^
  File "C:\Users\muril\ledger\backend\venv\Lib\site-packages\django\template\engine.py", line 186, in get_template
    template, origin = self.find_template(template_name)
                       ~~~~~~~~~~~~~~~~~~^^^^^^^^^^^^^^^
  File "C:\Users\muril\ledger\backend\venv\Lib\site-packages\django\template\engine.py", line 159, in find_template
    template = loader.get_template(name, skip=skip)
  File "C:\Users\muril\ledger\backend\venv\Lib\site-packages\django\template\loaders\cached.py", line 57, in get_template
    template = super().get_template(template_name, skip)
  File "C:\Users\muril\ledger\backend\venv\Lib\site-packages\django\template\loaders\base.py", line 28, in get_template
    return Template(
        contents,
    ...<2 lines>...
        self.engine,
    )
  File "C:\Users\muril\ledger\backend\venv\Lib\site-packages\django\template\base.py", line 157, in __init__
    self.nodelist = self.compile_nodelist()
                    ~~~~~~~~~~~~~~~~~~~~~^^
  File "C:\Users\muril\ledger\backend\venv\Lib\site-packages\django\template\base.py", line 199, in compile_nodelist
    nodelist = parser.parse()
  File "C:\Users\muril\ledger\backend\venv\Lib\site-packages\django\template\base.py", line 585, in parse
    raise self.error(token, e)
  File "C:\Users\muril\ledger\backend\venv\Lib\site-packages\django\template\base.py", line 583, in parse
    compiled_result = compile_func(self, token)
  File "C:\Users\muril\ledger\backend\venv\Lib\site-packages\django\template\loader_tags.py", line 307, in do_extends
    nodelist = parser.parse()
  File "C:\Users\muril\ledger\backend\venv\Lib\site-packages\django\template\base.py", line 585, in parse
    raise self.error(token, e)
  File "C:\Users\muril\ledger\backend\venv\Lib\site-packages\django\template\base.py", line 583, in parse
    compiled_result = compile_func(self, token)
  File "C:\Users\muril\ledger\backend\venv\Lib\site-packages\django\template\loader_tags.py", line 235, in do_block
    nodelist = parser.parse(("endblock",))
  File "C:\Users\muril\ledger\backend\venv\Lib\site-packages\django\template\base.py", line 556, in parse
    raise self.error(token, e)
  File "C:\Users\muril\ledger\backend\venv\Lib\site-packages\django\template\base.py", line 554, in parse
    filter_expression = self.compile_filter(token.contents)
  File "C:\Users\muril\ledger\backend\venv\Lib\site-packages\django\template\base.py", line 676, in compile_filter
    return FilterExpression(token, self)
  File "C:\Users\muril\ledger\backend\venv\Lib\site-packages\django\template\base.py", line 771, in __init__
    filter_func = parser.find_filter(filter_name)
  File "C:\Users\muril\ledger\backend\venv\Lib\site-packages\django\template\base.py", line 682, in find_filter
    raise TemplateSyntaxError("Invalid filter: '%s'" % filter_name)
django.template.exceptions.TemplateSyntaxError: Template: C:\Users\muril\ledger\frontend\templates\home\home.html, Invalid filter: 'intcomma'
"GET /home/ HTTP/1.1" 500 193898
C:\Users\muril\ledger\backend\accounts\views.py changed, reloading.
Watching for file changes with StatReloader
C:\Users\muril\ledger\backend\users\views.py changed, reloading.
Watching for file changes with StatReloader
C:\Users\muril\ledger\backend\users\urls_web.py changed, reloading.
Watching for file changes with StatReloader
Not Found: /home/
"GET /home/ HTTP/1.1" 404 5360
Not Found: /home/
"GET /home/ HTTP/1.1" 404 5360
"GET /transactions/new/ HTTP/1.1" 200 12411
"GET /static/js/sidebar.js HTTP/1.1" 404 1853
Internal Server Error: /
Traceback (most recent call last):
  File "C:\Users\muril\ledger\backend\venv\Lib\site-packages\django\core\handlers\exception.py", line 55, in inner
    response = get_response(request)
  File "C:\Users\muril\ledger\backend\venv\Lib\site-packages\django\core\handlers\base.py", line 198, in _get_response
    response = wrapped_callback(request, *callback_args, **callback_kwargs)
  File "C:\Users\muril\ledger\backend\venv\Lib\site-packages\django\contrib\auth\decorators.py", line 59, in _view_wrapper
    return view_func(request, *args, **kwargs)
  File "C:\Users\muril\ledger\backend\home\views.py", line 27, in home_view
    .filter(
     ~~~~~~^
        user=user,
        ^^^^^^^^^^
    ...<2 lines>...
        date__month=today.month
        ^^^^^^^^^^^^^^^^^^^^^^^
    )
    ^
  File "C:\Users\muril\ledger\backend\venv\Lib\site-packages\django\db\models\manager.py", line 87, in manager_method
    return getattr(self.get_queryset(), name)(*args, **kwargs)
           ~~~~~~~~~~~~~~~~~~~~~~~~~~~~~~~~~~^^^^^^^^^^^^^^^^^
  File "C:\Users\muril\ledger\backend\venv\Lib\site-packages\django\db\models\query.py", line 1542, in filter
    return self._filter_or_exclude(False, args, kwargs)
           ~~~~~~~~~~~~~~~~~~~~~~~^^^^^^^^^^^^^^^^^^^^^
  File "C:\Users\muril\ledger\backend\venv\Lib\site-packages\django\db\models\query.py", line 1560, in _filter_or_exclude
    clone._filter_or_exclude_inplace(negate, args, kwargs)
    ~~~~~~~~~~~~~~~~~~~~~~~~~~~~~~~~^^^^^^^^^^^^^^^^^^^^^^
  File "C:\Users\muril\ledger\backend\venv\Lib\site-packages\django\db\models\query.py", line 1570, in _filter_or_exclude_inplace
    self._query.add_q(Q(*args, **kwargs))
    ~~~~~~~~~~~~~~~~~^^^^^^^^^^^^^^^^^^^^
  File "C:\Users\muril\ledger\backend\venv\Lib\site-packages\django\db\models\sql\query.py", line 1671, in add_q
    clause, _ = self._add_q(q_object, can_reuse)
                ~~~~~~~~~~~^^^^^^^^^^^^^^^^^^^^^
  File "C:\Users\muril\ledger\backend\venv\Lib\site-packages\django\db\models\sql\query.py", line 1703, in _add_q
    child_clause, needed_inner = self.build_filter(
                                 ~~~~~~~~~~~~~~~~~^
        child,
        ^^^^^^
    ...<7 lines>...
        update_join_types=update_join_types,
        ^^^^^^^^^^^^^^^^^^^^^^^^^^^^^^^^^^^^
    )
    ^
  File "C:\Users\muril\ledger\backend\venv\Lib\site-packages\django\db\models\sql\query.py", line 1551, in build_filter
    lookups, parts, reffed_expression = self.solve_lookup_type(arg, summarize)
                                        ~~~~~~~~~~~~~~~~~~~~~~^^^^^^^^^^^^^^^^
  File "C:\Users\muril\ledger\backend\venv\Lib\site-packages\django\db\models\sql\query.py", line 1358, in solve_lookup_type
    _, field, _, lookup_parts = self.names_to_path(lookup_splitted, self.get_meta())
                                ~~~~~~~~~~~~~~~~~~^^^^^^^^^^^^^^^^^^^^^^^^^^^^^^^^^^
  File "C:\Users\muril\ledger\backend\venv\Lib\site-packages\django\db\models\sql\query.py", line 1832, in names_to_path
    raise FieldError(
    ...<2 lines>...
    )
django.core.exceptions.FieldError: Cannot resolve keyword 'date' into field. Choices are: amount, created_at, currency, direction, id_category, id_category_id, id_installment_plan, id_installment_plan_id, id_payment_method, id_payment_method_id, id_transaction, id_user, id_user_id, occurred_at, origin, transaction_accounts, transaction_tags
"GET / HTTP/1.1" 500 129612
C:\Users\muril\ledger\backend\home\views.py changed, reloading.
Watching for file changes with StatReloader
C:\Users\muril\ledger\backend\home\views.py changed, reloading.
Watching for file changes with StatReloader
C:\Users\muril\ledger\backend\home\views.py changed, reloading.
Watching for file changes with StatReloader
C:\Users\muril\ledger\backend\home\views.py changed, reloading.
Watching for file changes with StatReloader
C:\Users\muril\ledger\backend\home\views.py changed, reloading.
Watching for file changes with StatReloader
C:\Users\muril\ledger\backend\home\views.py changed, reloading.
Watching for file changes with StatReloader
Internal Server Error: /
Traceback (most recent call last):
  File "C:\Users\muril\ledger\backend\venv\Lib\site-packages\django\core\handlers\exception.py", line 55, in inner
    response = get_response(request)
  File "C:\Users\muril\ledger\backend\venv\Lib\site-packages\django\core\handlers\base.py", line 198, in _get_response
    response = wrapped_callback(request, *callback_args, **callback_kwargs)
  File "C:\Users\muril\ledger\backend\venv\Lib\site-packages\django\contrib\auth\decorators.py", line 59, in _view_wrapper
    return view_func(request, *args, **kwargs)
  File "C:\Users\muril\ledger\backend\home\views.py", line 28, in home_view
    .filter(
     ~~~~~~^
        id_user=user,
        ^^^^^^^^^^^^^
    ...<2 lines>...
        occurred_at__month=today.month
        ^^^^^^^^^^^^^^^^^^^^^^^^^^^^^^
    )
    ^
  File "C:\Users\muril\ledger\backend\venv\Lib\site-packages\django\db\models\manager.py", line 87, in manager_method
    return getattr(self.get_queryset(), name)(*args, **kwargs)
           ~~~~~~~~~~~~~~~~~~~~~~~~~~~~~~~~~~^^^^^^^^^^^^^^^^^
  File "C:\Users\muril\ledger\backend\venv\Lib\site-packages\django\db\models\query.py", line 1542, in filter
    return self._filter_or_exclude(False, args, kwargs)
           ~~~~~~~~~~~~~~~~~~~~~~~^^^^^^^^^^^^^^^^^^^^^
  File "C:\Users\muril\ledger\backend\venv\Lib\site-packages\django\db\models\query.py", line 1560, in _filter_or_exclude
    clone._filter_or_exclude_inplace(negate, args, kwargs)
    ~~~~~~~~~~~~~~~~~~~~~~~~~~~~~~~~^^^^^^^^^^^^^^^^^^^^^^
  File "C:\Users\muril\ledger\backend\venv\Lib\site-packages\django\db\models\query.py", line 1570, in _filter_or_exclude_inplace
    self._query.add_q(Q(*args, **kwargs))
    ~~~~~~~~~~~~~~~~~^^^^^^^^^^^^^^^^^^^^
  File "C:\Users\muril\ledger\backend\venv\Lib\site-packages\django\db\models\sql\query.py", line 1671, in add_q
    clause, _ = self._add_q(q_object, can_reuse)
                ~~~~~~~~~~~^^^^^^^^^^^^^^^^^^^^^
  File "C:\Users\muril\ledger\backend\venv\Lib\site-packages\django\db\models\sql\query.py", line 1703, in _add_q
    child_clause, needed_inner = self.build_filter(
                                 ~~~~~~~~~~~~~~~~~^
        child,
        ^^^^^^
    ...<7 lines>...
        update_join_types=update_join_types,
        ^^^^^^^^^^^^^^^^^^^^^^^^^^^^^^^^^^^^
    )
    ^
  File "C:\Users\muril\ledger\backend\venv\Lib\site-packages\django\db\models\sql\query.py", line 1551, in build_filter
    lookups, parts, reffed_expression = self.solve_lookup_type(arg, summarize)
                                        ~~~~~~~~~~~~~~~~~~~~~~^^^^^^^^^^^^^^^^
  File "C:\Users\muril\ledger\backend\venv\Lib\site-packages\django\db\models\sql\query.py", line 1358, in solve_lookup_type
    _, field, _, lookup_parts = self.names_to_path(lookup_splitted, self.get_meta())
                                ~~~~~~~~~~~~~~~~~~^^^^^^^^^^^^^^^^^^^^^^^^^^^^^^^^^^
  File "C:\Users\muril\ledger\backend\venv\Lib\site-packages\django\db\models\sql\query.py", line 1832, in names_to_path
    raise FieldError(
    ...<2 lines>...
    )
django.core.exceptions.FieldError: Cannot resolve keyword 'type' into field. Choices are: amount, created_at, currency, direction, id_category, id_category_id, id_installment_plan, id_installment_plan_id, id_payment_method, id_payment_method_id, id_transaction, id_user, id_user_id, occurred_at, origin, transaction_accounts, transaction_tags
"GET / HTTP/1.1" 500 130730
"GET /transactions/new/ HTTP/1.1" 200 12411
"GET /static/js/sidebar.js HTTP/1.1" 404 1853
"GET /static/css/sidebar/sidebar.css HTTP/1.1" 200 9466
"GET /static/img/box-out.png HTTP/1.1" 200 10897
"GET /static/js/transactions/transaction-form.js HTTP/1.1" 200 9039
"GET /static/img/box-in.png HTTP/1.1" 200 10894
"GET /static/css/global.css HTTP/1.1" 200 1115
"GET /static/css/transactions/transaction.css HTTP/1.1" 200 7430
"GET /static/js/global.js HTTP/1.1" 200 667
Not Found: /favicon.ico
"GET /favicon.ico HTTP/1.1" 404 5378
Internal Server Error: /
Traceback (most recent call last):
  File "C:\Users\muril\ledger\backend\venv\Lib\site-packages\django\core\handlers\exception.py", line 55, in inner
    response = get_response(request)
  File "C:\Users\muril\ledger\backend\venv\Lib\site-packages\django\core\handlers\base.py", line 198, in _get_response
    response = wrapped_callback(request, *callback_args, **callback_kwargs)
  File "C:\Users\muril\ledger\backend\venv\Lib\site-packages\django\contrib\auth\decorators.py", line 59, in _view_wrapper
    return view_func(request, *args, **kwargs)
  File "C:\Users\muril\ledger\backend\home\views.py", line 28, in home_view
    .filter(
     ~~~~~~^
        id_user=user,
        ^^^^^^^^^^^^^
    ...<2 lines>...
        occurred_at__month=today.month
        ^^^^^^^^^^^^^^^^^^^^^^^^^^^^^^
    )
    ^
  File "C:\Users\muril\ledger\backend\venv\Lib\site-packages\django\db\models\manager.py", line 87, in manager_method
    return getattr(self.get_queryset(), name)(*args, **kwargs)
           ~~~~~~~~~~~~~~~~~~~~~~~~~~~~~~~~~~^^^^^^^^^^^^^^^^^
  File "C:\Users\muril\ledger\backend\venv\Lib\site-packages\django\db\models\query.py", line 1542, in filter
    return self._filter_or_exclude(False, args, kwargs)
           ~~~~~~~~~~~~~~~~~~~~~~~^^^^^^^^^^^^^^^^^^^^^
  File "C:\Users\muril\ledger\backend\venv\Lib\site-packages\django\db\models\query.py", line 1560, in _filter_or_exclude
    clone._filter_or_exclude_inplace(negate, args, kwargs)
    ~~~~~~~~~~~~~~~~~~~~~~~~~~~~~~~~^^^^^^^^^^^^^^^^^^^^^^
  File "C:\Users\muril\ledger\backend\venv\Lib\site-packages\django\db\models\query.py", line 1570, in _filter_or_exclude_inplace
    self._query.add_q(Q(*args, **kwargs))
    ~~~~~~~~~~~~~~~~~^^^^^^^^^^^^^^^^^^^^
  File "C:\Users\muril\ledger\backend\venv\Lib\site-packages\django\db\models\sql\query.py", line 1671, in add_q
    clause, _ = self._add_q(q_object, can_reuse)
                ~~~~~~~~~~~^^^^^^^^^^^^^^^^^^^^^
  File "C:\Users\muril\ledger\backend\venv\Lib\site-packages\django\db\models\sql\query.py", line 1703, in _add_q
    child_clause, needed_inner = self.build_filter(
                                 ~~~~~~~~~~~~~~~~~^
        child,
        ^^^^^^
    ...<7 lines>...
        update_join_types=update_join_types,
        ^^^^^^^^^^^^^^^^^^^^^^^^^^^^^^^^^^^^
    )
    ^
  File "C:\Users\muril\ledger\backend\venv\Lib\site-packages\django\db\models\sql\query.py", line 1551, in build_filter
    lookups, parts, reffed_expression = self.solve_lookup_type(arg, summarize)
                                        ~~~~~~~~~~~~~~~~~~~~~~^^^^^^^^^^^^^^^^
  File "C:\Users\muril\ledger\backend\venv\Lib\site-packages\django\db\models\sql\query.py", line 1358, in solve_lookup_type
    _, field, _, lookup_parts = self.names_to_path(lookup_splitted, self.get_meta())
                                ~~~~~~~~~~~~~~~~~~^^^^^^^^^^^^^^^^^^^^^^^^^^^^^^^^^^
  File "C:\Users\muril\ledger\backend\venv\Lib\site-packages\django\db\models\sql\query.py", line 1832, in names_to_path
    raise FieldError(
    ...<2 lines>...
    )
django.core.exceptions.FieldError: Cannot resolve keyword 'type' into field. Choices are: amount, created_at, currency, direction, id_category, id_category_id, id_installment_plan, id_installment_plan_id, id_payment_method, id_payment_method_id, id_transaction, id_user, id_user_id, occurred_at, origin, transaction_accounts, transaction_tags
"GET / HTTP/1.1" 500 130594
C:\Users\muril\ledger\backend\transactions\views.py changed, reloading.
Watching for file changes with StatReloader
Internal Server Error: /
Traceback (most recent call last):
  File "C:\Users\muril\ledger\backend\venv\Lib\site-packages\django\core\handlers\exception.py", line 55, in inner
    response = get_response(request)
  File "C:\Users\muril\ledger\backend\venv\Lib\site-packages\django\core\handlers\base.py", line 198, in _get_response
    response = wrapped_callback(request, *callback_args, **callback_kwargs)
  File "C:\Users\muril\ledger\backend\venv\Lib\site-packages\django\contrib\auth\decorators.py", line 59, in _view_wrapper
    return view_func(request, *args, **kwargs)
  File "C:\Users\muril\ledger\backend\home\views.py", line 28, in home_view
    .filter(
     ~~~~~~^
        id_user=user,
        ^^^^^^^^^^^^^
    ...<2 lines>...
        occurred_at__month=today.month
        ^^^^^^^^^^^^^^^^^^^^^^^^^^^^^^
    )
    ^
  File "C:\Users\muril\ledger\backend\venv\Lib\site-packages\django\db\models\manager.py", line 87, in manager_method
    return getattr(self.get_queryset(), name)(*args, **kwargs)
           ~~~~~~~~~~~~~~~~~~~~~~~~~~~~~~~~~~^^^^^^^^^^^^^^^^^
  File "C:\Users\muril\ledger\backend\venv\Lib\site-packages\django\db\models\query.py", line 1542, in filter
    return self._filter_or_exclude(False, args, kwargs)
           ~~~~~~~~~~~~~~~~~~~~~~~^^^^^^^^^^^^^^^^^^^^^
  File "C:\Users\muril\ledger\backend\venv\Lib\site-packages\django\db\models\query.py", line 1560, in _filter_or_exclude
    clone._filter_or_exclude_inplace(negate, args, kwargs)
    ~~~~~~~~~~~~~~~~~~~~~~~~~~~~~~~~^^^^^^^^^^^^^^^^^^^^^^
  File "C:\Users\muril\ledger\backend\venv\Lib\site-packages\django\db\models\query.py", line 1570, in _filter_or_exclude_inplace
    self._query.add_q(Q(*args, **kwargs))
    ~~~~~~~~~~~~~~~~~^^^^^^^^^^^^^^^^^^^^
  File "C:\Users\muril\ledger\backend\venv\Lib\site-packages\django\db\models\sql\query.py", line 1671, in add_q
    clause, _ = self._add_q(q_object, can_reuse)
                ~~~~~~~~~~~^^^^^^^^^^^^^^^^^^^^^
  File "C:\Users\muril\ledger\backend\venv\Lib\site-packages\django\db\models\sql\query.py", line 1703, in _add_q
    child_clause, needed_inner = self.build_filter(
                                 ~~~~~~~~~~~~~~~~~^
        child,
        ^^^^^^
    ...<7 lines>...
        update_join_types=update_join_types,
        ^^^^^^^^^^^^^^^^^^^^^^^^^^^^^^^^^^^^
    )
    ^
  File "C:\Users\muril\ledger\backend\venv\Lib\site-packages\django\db\models\sql\query.py", line 1551, in build_filter
    lookups, parts, reffed_expression = self.solve_lookup_type(arg, summarize)
                                        ~~~~~~~~~~~~~~~~~~~~~~^^^^^^^^^^^^^^^^
  File "C:\Users\muril\ledger\backend\venv\Lib\site-packages\django\db\models\sql\query.py", line 1358, in solve_lookup_type
    _, field, _, lookup_parts = self.names_to_path(lookup_splitted, self.get_meta())
                                ~~~~~~~~~~~~~~~~~~^^^^^^^^^^^^^^^^^^^^^^^^^^^^^^^^^^
  File "C:\Users\muril\ledger\backend\venv\Lib\site-packages\django\db\models\sql\query.py", line 1832, in names_to_path
    raise FieldError(
    ...<2 lines>...
    )
django.core.exceptions.FieldError: Cannot resolve keyword 'type' into field. Choices are: amount, created_at, currency, direction, id_category, id_category_id, id_installment_plan, id_installment_plan_id, id_payment_method, id_payment_method_id, id_transaction, id_user, id_user_id, occurred_at, origin, transaction_accounts, transaction_tags
"GET / HTTP/1.1" 500 130731
C:\Users\muril\ledger\backend\home\views.py changed, reloading.
Watching for file changes with StatReloader
C:\Users\muril\ledger\backend\home\views.py changed, reloading.
Watching for file changes with StatReloader
Internal Server Error: /
Traceback (most recent call last):
  File "C:\Users\muril\ledger\backend\venv\Lib\site-packages\django\template\defaulttags.py", line 1067, in find_library
    return parser.libraries[name]
           ~~~~~~~~~~~~~~~~^^^^^^
KeyError: 'humanize'

During handling of the above exception, another exception occurred:

Traceback (most recent call last):
  File "C:\Users\muril\ledger\backend\venv\Lib\site-packages\django\core\handlers\exception.py", line 55, in inner
    response = get_response(request)
  File "C:\Users\muril\ledger\backend\venv\Lib\site-packages\django\core\handlers\base.py", line 198, in _get_response
    response = wrapped_callback(request, *callback_args, **callback_kwargs)
  File "C:\Users\muril\ledger\backend\venv\Lib\site-packages\django\contrib\auth\decorators.py", line 59, in _view_wrapper
    return view_func(request, *args, **kwargs)
  File "C:\Users\muril\ledger\backend\home\views.py", line 46, in home_view
    return render(request, 'home/home.html', {
        'saldo_atual': saldo_atual,
        'entradas_mes': entradas_mes,
        'saidas_mes': saidas_mes,
    })
  File "C:\Users\muril\ledger\backend\venv\Lib\site-packages\django\shortcuts.py", line 25, in render
    content = loader.render_to_string(template_name, context, request, using=using)
  File "C:\Users\muril\ledger\backend\venv\Lib\site-packages\django\template\loader.py", line 61, in render_to_string
    template = get_template(template_name, using=using)
  File "C:\Users\muril\ledger\backend\venv\Lib\site-packages\django\template\loader.py", line 15, in get_template
    return engine.get_template(template_name)
           ~~~~~~~~~~~~~~~~~~~^^^^^^^^^^^^^^^
  File "C:\Users\muril\ledger\backend\venv\Lib\site-packages\django\template\backends\django.py", line 79, in get_template
    return Template(self.engine.get_template(template_name), self)
                    ~~~~~~~~~~~~~~~~~~~~~~~~^^^^^^^^^^^^^^^
  File "C:\Users\muril\ledger\backend\venv\Lib\site-packages\django\template\engine.py", line 186, in get_template
    template, origin = self.find_template(template_name)
                       ~~~~~~~~~~~~~~~~~~^^^^^^^^^^^^^^^
  File "C:\Users\muril\ledger\backend\venv\Lib\site-packages\django\template\engine.py", line 159, in find_template
    template = loader.get_template(name, skip=skip)
  File "C:\Users\muril\ledger\backend\venv\Lib\site-packages\django\template\loaders\cached.py", line 57, in get_template
    template = super().get_template(template_name, skip)
  File "C:\Users\muril\ledger\backend\venv\Lib\site-packages\django\template\loaders\base.py", line 28, in get_template
    return Template(
        contents,
    ...<2 lines>...
        self.engine,
    )
  File "C:\Users\muril\ledger\backend\venv\Lib\site-packages\django\template\base.py", line 157, in __init__
    self.nodelist = self.compile_nodelist()
                    ~~~~~~~~~~~~~~~~~~~~~^^
  File "C:\Users\muril\ledger\backend\venv\Lib\site-packages\django\template\base.py", line 199, in compile_nodelist
    nodelist = parser.parse()
  File "C:\Users\muril\ledger\backend\venv\Lib\site-packages\django\template\base.py", line 585, in parse
    raise self.error(token, e)
  File "C:\Users\muril\ledger\backend\venv\Lib\site-packages\django\template\base.py", line 583, in parse
    compiled_result = compile_func(self, token)
  File "C:\Users\muril\ledger\backend\venv\Lib\site-packages\django\template\loader_tags.py", line 307, in do_extends
    nodelist = parser.parse()
  File "C:\Users\muril\ledger\backend\venv\Lib\site-packages\django\template\base.py", line 585, in parse
    raise self.error(token, e)
  File "C:\Users\muril\ledger\backend\venv\Lib\site-packages\django\template\base.py", line 583, in parse
    compiled_result = compile_func(self, token)
  File "C:\Users\muril\ledger\backend\venv\Lib\site-packages\django\template\defaulttags.py", line 1129, in load
    lib = find_library(parser, name)
  File "C:\Users\muril\ledger\backend\venv\Lib\site-packages\django\template\defaulttags.py", line 1069, in find_library
    raise TemplateSyntaxError(
    ...<5 lines>...
    )
django.template.exceptions.TemplateSyntaxError: Template: C:\Users\muril\ledger\frontend\templates\home\home.html, 'humanize' is not a registered tag library. Must be one of:
account
admin_list
admin_modify
admin_urls
allauth
auth
cache
i18n
l10n
log
rest_framework
socialaccount
static
tz
"GET / HTTP/1.1" 500 179298
Internal Server Error: /
Traceback (most recent call last):
  File "C:\Users\muril\ledger\backend\venv\Lib\site-packages\django\core\handlers\exception.py", line 55, in inner
    response = get_response(request)
  File "C:\Users\muril\ledger\backend\venv\Lib\site-packages\django\core\handlers\base.py", line 198, in _get_response
    response = wrapped_callback(request, *callback_args, **callback_kwargs)
  File "C:\Users\muril\ledger\backend\venv\Lib\site-packages\django\contrib\auth\decorators.py", line 59, in _view_wrapper
    return view_func(request, *args, **kwargs)
  File "C:\Users\muril\ledger\backend\home\views.py", line 46, in home_view
    return render(request, 'home/home.html', {
        'saldo_atual': saldo_atual,
        'entradas_mes': entradas_mes,
        'saidas_mes': saidas_mes,
    })
  File "C:\Users\muril\ledger\backend\venv\Lib\site-packages\django\shortcuts.py", line 25, in render
    content = loader.render_to_string(template_name, context, request, using=using)
  File "C:\Users\muril\ledger\backend\venv\Lib\site-packages\django\template\loader.py", line 61, in render_to_string
    template = get_template(template_name, using=using)
  File "C:\Users\muril\ledger\backend\venv\Lib\site-packages\django\template\loader.py", line 15, in get_template
    return engine.get_template(template_name)
           ~~~~~~~~~~~~~~~~~~~^^^^^^^^^^^^^^^
  File "C:\Users\muril\ledger\backend\venv\Lib\site-packages\django\template\backends\django.py", line 79, in get_template
    return Template(self.engine.get_template(template_name), self)
                    ~~~~~~~~~~~~~~~~~~~~~~~~^^^^^^^^^^^^^^^
  File "C:\Users\muril\ledger\backend\venv\Lib\site-packages\django\template\engine.py", line 186, in get_template
    template, origin = self.find_template(template_name)
                       ~~~~~~~~~~~~~~~~~~^^^^^^^^^^^^^^^
  File "C:\Users\muril\ledger\backend\venv\Lib\site-packages\django\template\engine.py", line 159, in find_template
    template = loader.get_template(name, skip=skip)
  File "C:\Users\muril\ledger\backend\venv\Lib\site-packages\django\template\loaders\cached.py", line 57, in get_template
    template = super().get_template(template_name, skip)
  File "C:\Users\muril\ledger\backend\venv\Lib\site-packages\django\template\loaders\base.py", line 28, in get_template
    return Template(
        contents,
    ...<2 lines>...
        self.engine,
    )
  File "C:\Users\muril\ledger\backend\venv\Lib\site-packages\django\template\base.py", line 157, in __init__
    self.nodelist = self.compile_nodelist()
                    ~~~~~~~~~~~~~~~~~~~~~^^
  File "C:\Users\muril\ledger\backend\venv\Lib\site-packages\django\template\base.py", line 199, in compile_nodelist
    nodelist = parser.parse()
  File "C:\Users\muril\ledger\backend\venv\Lib\site-packages\django\template\base.py", line 585, in parse
    raise self.error(token, e)
  File "C:\Users\muril\ledger\backend\venv\Lib\site-packages\django\template\base.py", line 583, in parse
    compiled_result = compile_func(self, token)
  File "C:\Users\muril\ledger\backend\venv\Lib\site-packages\django\template\loader_tags.py", line 307, in do_extends
    nodelist = parser.parse()
  File "C:\Users\muril\ledger\backend\venv\Lib\site-packages\django\template\base.py", line 585, in parse
    raise self.error(token, e)
  File "C:\Users\muril\ledger\backend\venv\Lib\site-packages\django\template\base.py", line 583, in parse
    compiled_result = compile_func(self, token)
  File "C:\Users\muril\ledger\backend\venv\Lib\site-packages\django\template\loader_tags.py", line 235, in do_block
    nodelist = parser.parse(("endblock",))
  File "C:\Users\muril\ledger\backend\venv\Lib\site-packages\django\template\base.py", line 556, in parse
    raise self.error(token, e)
  File "C:\Users\muril\ledger\backend\venv\Lib\site-packages\django\template\base.py", line 554, in parse
    filter_expression = self.compile_filter(token.contents)
  File "C:\Users\muril\ledger\backend\venv\Lib\site-packages\django\template\base.py", line 676, in compile_filter
    return FilterExpression(token, self)
  File "C:\Users\muril\ledger\backend\venv\Lib\site-packages\django\template\base.py", line 771, in __init__
    filter_func = parser.find_filter(filter_name)
  File "C:\Users\muril\ledger\backend\venv\Lib\site-packages\django\template\base.py", line 682, in find_filter
    raise TemplateSyntaxError("Invalid filter: '%s'" % filter_name)
django.template.exceptions.TemplateSyntaxError: Template: C:\Users\muril\ledger\frontend\templates\home\home.html, Invalid filter: 'intcomma'
"GET / HTTP/1.1" 500 194567
Internal Server Error: /
Traceback (most recent call last):
  File "C:\Users\muril\ledger\backend\venv\Lib\site-packages\django\template\defaulttags.py", line 1067, in find_library
    return parser.libraries[name]
           ~~~~~~~~~~~~~~~~^^^^^^
KeyError: 'humanize'

During handling of the above exception, another exception occurred:

Traceback (most recent call last):
  File "C:\Users\muril\ledger\backend\venv\Lib\site-packages\django\core\handlers\exception.py", line 55, in inner
    response = get_response(request)
  File "C:\Users\muril\ledger\backend\venv\Lib\site-packages\django\core\handlers\base.py", line 198, in _get_response
    response = wrapped_callback(request, *callback_args, **callback_kwargs)
  File "C:\Users\muril\ledger\backend\venv\Lib\site-packages\django\contrib\auth\decorators.py", line 59, in _view_wrapper
    return view_func(request, *args, **kwargs)
  File "C:\Users\muril\ledger\backend\home\views.py", line 46, in home_view
    return render(request, 'home/home.html', {
        'saldo_atual': saldo_atual,
        'entradas_mes': entradas_mes,
        'saidas_mes': saidas_mes,
    })
  File "C:\Users\muril\ledger\backend\venv\Lib\site-packages\django\shortcuts.py", line 25, in render
    content = loader.render_to_string(template_name, context, request, using=using)
  File "C:\Users\muril\ledger\backend\venv\Lib\site-packages\django\template\loader.py", line 61, in render_to_string
    template = get_template(template_name, using=using)
  File "C:\Users\muril\ledger\backend\venv\Lib\site-packages\django\template\loader.py", line 15, in get_template
    return engine.get_template(template_name)
           ~~~~~~~~~~~~~~~~~~~^^^^^^^^^^^^^^^
  File "C:\Users\muril\ledger\backend\venv\Lib\site-packages\django\template\backends\django.py", line 79, in get_template
    return Template(self.engine.get_template(template_name), self)
                    ~~~~~~~~~~~~~~~~~~~~~~~~^^^^^^^^^^^^^^^
  File "C:\Users\muril\ledger\backend\venv\Lib\site-packages\django\template\engine.py", line 186, in get_template
    template, origin = self.find_template(template_name)
                       ~~~~~~~~~~~~~~~~~~^^^^^^^^^^^^^^^
  File "C:\Users\muril\ledger\backend\venv\Lib\site-packages\django\template\engine.py", line 159, in find_template
    template = loader.get_template(name, skip=skip)
  File "C:\Users\muril\ledger\backend\venv\Lib\site-packages\django\template\loaders\cached.py", line 57, in get_template
    template = super().get_template(template_name, skip)
  File "C:\Users\muril\ledger\backend\venv\Lib\site-packages\django\template\loaders\base.py", line 28, in get_template
    return Template(
        contents,
    ...<2 lines>...
        self.engine,
    )
  File "C:\Users\muril\ledger\backend\venv\Lib\site-packages\django\template\base.py", line 157, in __init__
    self.nodelist = self.compile_nodelist()
                    ~~~~~~~~~~~~~~~~~~~~~^^
  File "C:\Users\muril\ledger\backend\venv\Lib\site-packages\django\template\base.py", line 199, in compile_nodelist
    nodelist = parser.parse()
  File "C:\Users\muril\ledger\backend\venv\Lib\site-packages\django\template\base.py", line 585, in parse
    raise self.error(token, e)
  File "C:\Users\muril\ledger\backend\venv\Lib\site-packages\django\template\base.py", line 583, in parse
    compiled_result = compile_func(self, token)
  File "C:\Users\muril\ledger\backend\venv\Lib\site-packages\django\template\loader_tags.py", line 307, in do_extends
    nodelist = parser.parse()
  File "C:\Users\muril\ledger\backend\venv\Lib\site-packages\django\template\base.py", line 585, in parse
    raise self.error(token, e)
  File "C:\Users\muril\ledger\backend\venv\Lib\site-packages\django\template\base.py", line 583, in parse
    compiled_result = compile_func(self, token)
  File "C:\Users\muril\ledger\backend\venv\Lib\site-packages\django\template\defaulttags.py", line 1129, in load
    lib = find_library(parser, name)
  File "C:\Users\muril\ledger\backend\venv\Lib\site-packages\django\template\defaulttags.py", line 1069, in find_library
    raise TemplateSyntaxError(
    ...<5 lines>...
    )
django.template.exceptions.TemplateSyntaxError: Template: C:\Users\muril\ledger\frontend\templates\home\home.html, 'humanize' is not a registered tag library. Must be one of:
account
admin_list
admin_modify
admin_urls
allauth
auth
cache
i18n
l10n
log
rest_framework
socialaccount
static
tz
"GET / HTTP/1.1" 500 179298
C:\Users\muril\ledger\backend\config\settings.py changed, reloading.
Watching for file changes with StatReloader
"GET / HTTP/1.1" 200 4787
"GET /static/js/sidebar.js HTTP/1.1" 404 1853
"GET /transactions/new/ HTTP/1.1" 200 12411
"GET /static/js/sidebar.js HTTP/1.1" 404 1853
"POST /api/transactions/ HTTP/1.1" 201 100
"GET /transactions/list/ HTTP/1.1" 200 16545
"GET /static/js/sidebar.js HTTP/1.1" 404 1853
"GET / HTTP/1.1" 200 4787
"GET /static/js/sidebar.js HTTP/1.1" 404 1853
"GET /transactions/new/ HTTP/1.1" 200 12411
"GET /static/js/sidebar.js HTTP/1.1" 404 1853
"GET /transactions/list/ HTTP/1.1" 200 16545
"GET /static/js/sidebar.js HTTP/1.1" 404 1853
"GET /budget/ HTTP/1.1" 200 5803
"GET /static/js/sidebar.js HTTP/1.1" 404 1853
"GET /transactions/list/ HTTP/1.1" 200 16545
"GET /static/js/sidebar.js HTTP/1.1" 404 1853
"GET /transactions/new/ HTTP/1.1" 200 12411
"GET /static/js/sidebar.js HTTP/1.1" 404 1853
"GET / HTTP/1.1" 200 4787
"GET /static/js/sidebar.js HTTP/1.1" 404 1853
"GET / HTTP/1.1" 200 4787
"GET /static/js/sidebar.js HTTP/1.1" 404 1853
"GET /admin/ HTTP/1.1" 200 28078
"GET /static/admin/css/responsive.css HTTP/1.1" 200 16194
"GET /static/admin/css/dark_mode.css HTTP/1.1" 200 3538
"GET /static/admin/css/dashboard.css HTTP/1.1" 200 441
"GET /static/admin/css/nav_sidebar.css HTTP/1.1" 200 2810
"GET /static/admin/css/base.css HTTP/1.1" 200 23100
"GET /static/admin/js/theme.js HTTP/1.1" 200 1653
"GET /static/admin/js/nav_sidebar.js HTTP/1.1" 200 3063
"GET /static/admin/img/icon-addlink.svg HTTP/1.1" 200 593
"GET /static/admin/img/icon-changelink.svg HTTP/1.1" 200 978
"GET /admin/categories/category/ HTTP/1.1" 200 25455
"GET /static/admin/css/changelists.css HTTP/1.1" 200 7501
"GET /static/admin/js/jquery.init.js HTTP/1.1" 200 347
"GET /static/admin/js/actions.js HTTP/1.1" 200 8076
"GET /static/admin/js/core.js HTTP/1.1" 200 6208
"GET /static/admin/js/admin/RelatedObjectLookups.js HTTP/1.1" 200 9777
"GET /static/admin/js/prepopulate.js HTTP/1.1" 200 1531
"GET /static/admin/js/urlify.js HTTP/1.1" 200 7887
"GET /static/admin/img/search.svg HTTP/1.1" 200 607
"GET /static/admin/js/vendor/jquery/jquery.js HTTP/1.1" 200 285314
"GET /admin/jsi18n/ HTTP/1.1" 200 3342
"GET /static/admin/js/filters.js HTTP/1.1" 200 978
"GET /static/admin/js/vendor/xregexp/xregexp.js HTTP/1.1" 200 325171
"GET /static/admin/img/tooltag-add.svg HTTP/1.1" 200 593
"GET /admin/categories/category/add/ HTTP/1.1" 200 26422
"GET /static/admin/css/forms.css HTTP/1.1" 200 8844
"GET /static/admin/css/widgets.css HTTP/1.1" 200 11811
"GET /static/admin/js/prepopulate_init.js HTTP/1.1" 200 586
"GET /static/admin/img/icon-viewlink.svg HTTP/1.1" 200 928
"GET /static/admin/js/change_form.js HTTP/1.1" 200 606
"GET /admin/jsi18n/ HTTP/1.1" 200 3342
"POST /admin/categories/category/add/ HTTP/1.1" 302 0
"GET /admin/categories/category/ HTTP/1.1" 200 26206
"GET /admin/jsi18n/ HTTP/1.1" 200 3342
"GET /static/admin/img/icon-yes-dark.svg HTTP/1.1" 200 558
"GET /transactions/new/ HTTP/1.1" 200 12625
"GET /static/js/sidebar.js HTTP/1.1" 404 1853
"POST /api/transactions/ HTTP/1.1" 201 100
"GET /transactions/list/ HTTP/1.1" 200 18430
"GET /static/js/sidebar.js HTTP/1.1" 404 1853
"GET / HTTP/1.1" 200 4789
"GET /static/js/sidebar.js HTTP/1.1" 404 1853
"GET /transactions/new/ HTTP/1.1" 200 12625
"GET /static/js/sidebar.js HTTP/1.1" 404 1853
"GET /transactions/list/ HTTP/1.1" 200 18430
"GET /static/js/sidebar.js HTTP/1.1" 404 1853
"GET /transactions/list/?start=&end=&category=8cd63f44-987f-4861-a813-f4394ad754cf HTTP/1.1" 200 8362
"GET /static/js/sidebar.js HTTP/1.1" 404 1853
"GET /transactions/list/?start=&end=&category= HTTP/1.1" 200 18430
"GET /static/js/sidebar.js HTTP/1.1" 404 1853
"GET / HTTP/1.1" 200 4789
"GET /static/js/sidebar.js HTTP/1.1" 404 1853
"GET /transactions/new/ HTTP/1.1" 200 12625
"GET /static/js/sidebar.js HTTP/1.1" 404 1853
"GET /transactions/list/ HTTP/1.1" 200 18430
"GET /static/js/sidebar.js HTTP/1.1" 404 1853
"GET /budget/ HTTP/1.1" 200 5871
"GET /static/js/sidebar.js HTTP/1.1" 404 1853
"GET /goals/ HTTP/1.1" 200 5840
"GET /static/js/financial_goals/goals.js HTTP/1.1" 304 0
"GET /static/js/sidebar.js HTTP/1.1" 404 1853
"GET /api/financial-goals/ HTTP/1.1" 200 252
"GET / HTTP/1.1" 200 4789
"GET /static/js/sidebar.js HTTP/1.1" 404 1853
"GET /transactions/new/ HTTP/1.1" 200 12625
"GET /static/js/sidebar.js HTTP/1.1" 404 1853
C:\Users\muril\ledger\backend\home\views.py changed, reloading.
Watching for file changes with StatReloader
"GET /transactions/list/ HTTP/1.1" 200 18430
"GET /static/js/sidebar.js HTTP/1.1" 404 1853
Not Found: /.well-known/appspecific/com.chrome.devtools.json
"GET /.well-known/appspecific/com.chrome.devtools.json HTTP/1.1" 404 5489
"GET /transactions/list/ HTTP/1.1" 200 14342
"GET /static/js/sidebar.js HTTP/1.1" 404 1853
Not Found: /.well-known/appspecific/com.chrome.devtools.json
"GET /.well-known/appspecific/com.chrome.devtools.json HTTP/1.1" 404 5489
Not Found: /.well-known/appspecific/com.chrome.devtools.json
"GET /.well-known/appspecific/com.chrome.devtools.json HTTP/1.1" 404 5489
"GET / HTTP/1.1" 200 4789
"GET /static/js/sidebar.js HTTP/1.1" 404 1853
Not Found: /.well-known/appspecific/com.chrome.devtools.json
"GET /.well-known/appspecific/com.chrome.devtools.json HTTP/1.1" 404 5489
"GET /transactions/new/ HTTP/1.1" 200 12625
"GET /static/js/sidebar.js HTTP/1.1" 404 1853
Not Found: /.well-known/appspecific/com.chrome.devtools.json
"GET /.well-known/appspecific/com.chrome.devtools.json HTTP/1.1" 404 5489
"GET /transactions/list/ HTTP/1.1" 200 14342
"GET /static/js/sidebar.js HTTP/1.1" 404 1853
Not Found: /.well-known/appspecific/com.chrome.devtools.json
"GET /.well-known/appspecific/com.chrome.devtools.json HTTP/1.1" 404 5489
"GET /budget/ HTTP/1.1" 200 5871
"GET /static/js/sidebar.js HTTP/1.1" 404 1853
Not Found: /.well-known/appspecific/com.chrome.devtools.json
"GET /.well-known/appspecific/com.chrome.devtools.json HTTP/1.1" 404 5489
"GET /goals/ HTTP/1.1" 200 5840
"GET /static/js/sidebar.js HTTP/1.1" 404 1853
Not Found: /.well-known/appspecific/com.chrome.devtools.json
"GET /.well-known/appspecific/com.chrome.devtools.json HTTP/1.1" 404 5489
"GET /api/financial-goals/ HTTP/1.1" 200 252
"GET /transactions/new/ HTTP/1.1" 200 12625
"GET /static/js/sidebar.js HTTP/1.1" 404 1853
Not Found: /.well-known/appspecific/com.chrome.devtools.json
"GET /.well-known/appspecific/com.chrome.devtools.json HTTP/1.1" 404 5489
"GET / HTTP/1.1" 200 4789
"GET /static/js/sidebar.js HTTP/1.1" 404 1853
Not Found: /.well-known/appspecific/com.chrome.devtools.json
"GET /.well-known/appspecific/com.chrome.devtools.json HTTP/1.1" 404 5489
"GET /transactions/new/ HTTP/1.1" 200 12625
"GET /static/js/sidebar.js HTTP/1.1" 404 1853
Not Found: /.well-known/appspecific/com.chrome.devtools.json
"GET /.well-known/appspecific/com.chrome.devtools.json HTTP/1.1" 404 5489
"GET /transactions/list/ HTTP/1.1" 200 14342
"GET /static/js/sidebar.js HTTP/1.1" 404 1853
Not Found: /.well-known/appspecific/com.chrome.devtools.json
"GET /.well-known/appspecific/com.chrome.devtools.json HTTP/1.1" 404 5489
"GET /budget/ HTTP/1.1" 200 5871
"GET /static/js/sidebar.js HTTP/1.1" 404 1853
Not Found: /.well-known/appspecific/com.chrome.devtools.json
"GET /.well-known/appspecific/com.chrome.devtools.json HTTP/1.1" 404 5489
"GET /goals/ HTTP/1.1" 200 5840
"GET /static/js/sidebar.js HTTP/1.1" 404 1853
Not Found: /.well-known/appspecific/com.chrome.devtools.json
"GET /.well-known/appspecific/com.chrome.devtools.json HTTP/1.1" 404 5489
"GET /api/financial-goals/ HTTP/1.1" 200 252
"GET /budget/ HTTP/1.1" 200 5871
"GET /static/js/sidebar.js HTTP/1.1" 404 1853
Not Found: /.well-known/appspecific/com.chrome.devtools.json
"GET /.well-known/appspecific/com.chrome.devtools.json HTTP/1.1" 404 5489
"GET /transactions/list/ HTTP/1.1" 200 14342
"GET /static/js/sidebar.js HTTP/1.1" 404 1853
Not Found: /.well-known/appspecific/com.chrome.devtools.json
"GET /.well-known/appspecific/com.chrome.devtools.json HTTP/1.1" 404 5489
"GET /transactions/new/ HTTP/1.1" 200 12625
"GET /static/js/sidebar.js HTTP/1.1" 404 1853
Not Found: /.well-known/appspecific/com.chrome.devtools.json
"GET /.well-known/appspecific/com.chrome.devtools.json HTTP/1.1" 404 5489
"GET /transactions/new/ HTTP/1.1" 200 12625
"GET /static/js/sidebar.js HTTP/1.1" 404 1853
Not Found: /.well-known/appspecific/com.chrome.devtools.json
"GET /.well-known/appspecific/com.chrome.devtools.json HTTP/1.1" 404 5489
"GET /transactions/new/ HTTP/1.1" 200 12625
"GET /static/js/sidebar.js HTTP/1.1" 404 1853
Not Found: /.well-known/appspecific/com.chrome.devtools.json
"GET /.well-known/appspecific/com.chrome.devtools.json HTTP/1.1" 404 5489
"GET /transactions/list/ HTTP/1.1" 200 14342
"GET /static/js/sidebar.js HTTP/1.1" 404 1853
"GET /budget/ HTTP/1.1" 200 5871
"GET /static/js/budget/budget.js HTTP/1.1" 304 0
"GET /static/js/sidebar.js HTTP/1.1" 404 1853
"GET /budget/ HTTP/1.1" 200 6041
"GET /static/js/sidebar.js HTTP/1.1" 404 1853
"GET /budget/ HTTP/1.1" 200 7583
"GET /static/js/sidebar.js HTTP/1.1" 404 1853
"GET /budget/ HTTP/1.1" 200 7583
"GET /static/js/sidebar.js HTTP/1.1" 404 1853
"GET /budget/ HTTP/1.1" 200 7583
"GET /static/js/sidebar.js HTTP/1.1" 404 1853
"GET /budget/ HTTP/1.1" 200 7583
"GET /static/js/sidebar.js HTTP/1.1" 404 1853
"GET /budget/ HTTP/1.1" 200 7583
"GET /static/js/sidebar.js HTTP/1.1" 404 1853
"GET /static/css/sidebar/sidebar.css HTTP/1.1" 200 9466
"GET /static/css/budget/budget.css HTTP/1.1" 200 6318
"GET /static/css/global.css HTTP/1.1" 200 1115
"GET /static/js/global.js HTTP/1.1" 200 667
"GET /static/js/budget/budget.js HTTP/1.1" 200 7963
Not Found: /favicon.ico
"GET /favicon.ico HTTP/1.1" 404 5378
"POST /api/budget-category-limits/ HTTP/1.1" 201 85
"GET /budget/ HTTP/1.1" 200 7583
"GET /static/css/budget/budget.css HTTP/1.1" 304 0
"GET /static/js/budget/budget.js HTTP/1.1" 304 0
"GET /static/js/sidebar.js HTTP/1.1" 404 1853
"GET /admin/budgets/budget/ HTTP/1.1" 200 24976
"GET /admin/jsi18n/ HTTP/1.1" 200 3342
"GET /admin/goals/financialgoal/ HTTP/1.1" 200 24909
"GET /admin/jsi18n/ HTTP/1.1" 200 3342
"GET /admin/budgets/budgetcategorylimit/ HTTP/1.1" 200 24766
"GET /admin/jsi18n/ HTTP/1.1" 200 3342
"GET /admin/budgets/budget/ HTTP/1.1" 200 24976
"GET /admin/jsi18n/ HTTP/1.1" 200 3342
"GET /admin/budgets/budgetcategorylimit/ HTTP/1.1" 200 24766
"GET /admin/jsi18n/ HTTP/1.1" 200 3342
"GET / HTTP/1.1" 200 4789
"GET /static/js/sidebar.js HTTP/1.1" 404 1853
"GET /transactions/new/ HTTP/1.1" 200 12625
"GET /static/js/sidebar.js HTTP/1.1" 404 1853
"GET /transactions/list/ HTTP/1.1" 200 14342
"GET /static/js/sidebar.js HTTP/1.1" 404 1853
"GET /budget/ HTTP/1.1" 200 7583
"GET /static/css/budget/budget.css HTTP/1.1" 304 0
"GET /static/js/budget/budget.js HTTP/1.1" 304 0
"GET /static/js/sidebar.js HTTP/1.1" 404 1853
"GET /goals/ HTTP/1.1" 200 5840
"GET /static/js/sidebar.js HTTP/1.1" 404 1853
"GET /api/financial-goals/ HTTP/1.1" 200 252
"GET /budget/ HTTP/1.1" 200 7583
"GET /static/js/sidebar.js HTTP/1.1" 404 1853
"GET /goals/ HTTP/1.1" 200 5910
"GET /static/css/financial_goals/goals.css HTTP/1.1" 200 1471
"GET /static/js/sidebar.js HTTP/1.1" 404 1853
"GET /api/financial-goals/ HTTP/1.1" 200 252
"POST /api/financial-goals/ HTTP/1.1" 201 200
"GET /api/financial-goals/ HTTP/1.1" 200 453
"GET / HTTP/1.1" 200 4789
"GET /static/js/sidebar.js HTTP/1.1" 404 1853
"GET /goals/ HTTP/1.1" 200 5910
"GET /static/css/financial_goals/goals.css HTTP/1.1" 304 0
"GET /static/js/sidebar.js HTTP/1.1" 404 1853
"GET /api/financial-goals/ HTTP/1.1" 200 453
"GET /budget/ HTTP/1.1" 200 7583
"GET /static/css/budget/budget.css HTTP/1.1" 304 0
"GET /static/js/sidebar.js HTTP/1.1" 404 1853
"GET /static/js/budget/budget.js HTTP/1.1" 304 0
"GET /transactions/list/ HTTP/1.1" 200 14342
"GET /static/js/sidebar.js HTTP/1.1" 404 1853
"GET / HTTP/1.1" 200 4789
"GET /static/js/sidebar.js HTTP/1.1" 404 1853
C:\Users\muril\ledger\backend\transactions\views.py changed, reloading.
Watching for file changes with StatReloader
C:\Users\muril\ledger\backend\transactions\views.py changed, reloading.
Watching for file changes with StatReloader
C:\Users\muril\ledger\backend\home\views.py changed, reloading.
Watching for file changes with StatReloader
C:\Users\muril\ledger\backend\home\views.py changed, reloading.
Watching for file changes with StatReloader
C:\Users\muril\ledger\backend\home\views.py changed, reloading.
Watching for file changes with StatReloader
C:\Users\muril\ledger\backend\home\views.py changed, reloading.
Watching for file changes with StatReloader
C:\Users\muril\ledger\backend\transactions\views.py changed, reloading.
Watching for file changes with StatReloader
C:\Users\muril\ledger\backend\transactions\views.py changed, reloading.
Watching for file changes with StatReloader
C:\Users\muril\ledger\backend\transactions\views.py changed, reloading.
Watching for file changes with StatReloader
C:\Users\muril\ledger\backend\transactions\views.py changed, reloading.
Watching for file changes with StatReloader
C:\Users\muril\ledger\backend\transactions\views.py changed, reloading.
Watching for file changes with StatReloader
C:\Users\muril\ledger\backend\transactions\views.py changed, reloading.
Watching for file changes with StatReloader
"GET / HTTP/1.1" 200 4788
"GET /static/js/sidebar.js HTTP/1.1" 404 1853
"GET /transactions/new/ HTTP/1.1" 200 12625
"GET /static/js/sidebar.js HTTP/1.1" 404 1853
Erro ao criar transação: name 'recalculate_account_balance' is not defined
Bad Request: /api/transactions/
"POST /api/transactions/ HTTP/1.1" 400 62
Erro ao criar transação: name 'recalculate_account_balance' is not defined
Bad Request: /api/transactions/
"POST /api/transactions/ HTTP/1.1" 400 62
"GET /transactions/list/ HTTP/1.1" 200 16582
"GET /static/js/sidebar.js HTTP/1.1" 404 1853
"GET /transactions/new/ HTTP/1.1" 200 12625
"GET /static/js/sidebar.js HTTP/1.1" 404 1853
"GET /transactions/list/ HTTP/1.1" 200 16582
"GET /static/js/sidebar.js HTTP/1.1" 404 1853
"GET / HTTP/1.1" 200 4792
"GET /static/js/sidebar.js HTTP/1.1" 404 1853
"GET /transactions/new/ HTTP/1.1" 200 12625
"GET /static/js/sidebar.js HTTP/1.1" 404 1853
"GET /transactions/list/ HTTP/1.1" 200 16582
"GET /static/js/sidebar.js HTTP/1.1" 404 1853
"GET / HTTP/1.1" 200 4792
"GET /static/js/sidebar.js HTTP/1.1" 404 1853
"GET / HTTP/1.1" 200 5964
"GET /static/js/sidebar.js HTTP/1.1" 404 1853
"GET / HTTP/1.1" 200 5964
"GET /static/js/sidebar.js HTTP/1.1" 404 1853
"GET / HTTP/1.1" 200 5964
"GET /static/js/sidebar.js HTTP/1.1" 404 1853
"GET / HTTP/1.1" 200 5964
"GET /static/js/sidebar.js HTTP/1.1" 404 1853
"GET /static/js/global.js HTTP/1.1" 200 667
"GET /static/css/sidebar/sidebar.css HTTP/1.1" 200 9466
"GET /static/css/global.css HTTP/1.1" 200 1115
Not Found: /favicon.ico
"GET /favicon.ico HTTP/1.1" 404 5378
"GET / HTTP/1.1" 200 5964
"GET /static/css/global.css HTTP/1.1" 200 1115
"GET /static/css/sidebar/sidebar.css HTTP/1.1" 200 9466
"GET /static/js/sidebar.js HTTP/1.1" 404 1853
"GET /static/js/global.js HTTP/1.1" 200 667
Not Found: /favicon.ico
"GET /favicon.ico HTTP/1.1" 404 5378
"GET / HTTP/1.1" 200 5964
"GET /static/js/sidebar.js HTTP/1.1" 404 1853
"GET / HTTP/1.1" 200 5964
"GET /static/js/sidebar.js HTTP/1.1" 404 1853
"GET / HTTP/1.1" 200 6022
"GET /static/css/home/home.css HTTP/1.1" 404 1865
"GET /static/js/sidebar.js HTTP/1.1" 404 1853
"GET / HTTP/1.1" 200 6022
"GET /static/css/home/home.css HTTP/1.1" 404 1865
"GET /static/js/sidebar.js HTTP/1.1" 404 1853
"GET / HTTP/1.1" 200 6022
"GET /static/css/sidebar/sidebar.css HTTP/1.1" 200 9466
"GET /static/css/global.css HTTP/1.1" 200 1115
"GET /static/css/home/home.css HTTP/1.1" 404 1865
"GET /static/js/sidebar.js HTTP/1.1" 404 1853
"GET /static/js/global.js HTTP/1.1" 200 667
Not Found: /favicon.ico
"GET /favicon.ico HTTP/1.1" 404 5378
"GET / HTTP/1.1" 200 6022
"GET /static/css/home/home.css HTTP/1.1" 200 1508
"GET /static/js/sidebar.js HTTP/1.1" 404 1853
"GET /transactions/list/ HTTP/1.1" 200 16582
"GET /static/js/sidebar.js HTTP/1.1" 404 1853
"GET /transactions/new/ HTTP/1.1" 200 12625
"GET /static/js/sidebar.js HTTP/1.1" 404 1853
"GET / HTTP/1.1" 200 6022
"GET /static/css/home/home.css HTTP/1.1" 304 0
"GET /static/js/sidebar.js HTTP/1.1" 404 1853
"GET /transactions/list/ HTTP/1.1" 200 16582
"GET /static/js/sidebar.js HTTP/1.1" 404 1853
"GET /budget/ HTTP/1.1" 200 7583
"GET /static/css/budget/budget.css HTTP/1.1" 304 0
"GET /static/js/budget/budget.js HTTP/1.1" 304 0
"GET /static/js/sidebar.js HTTP/1.1" 404 1853
"GET /goals/ HTTP/1.1" 200 5910
"GET /static/js/financial_goals/goals.js HTTP/1.1" 304 0
"GET /static/css/financial_goals/goals.css HTTP/1.1" 304 0
"GET /static/js/sidebar.js HTTP/1.1" 404 1853
"GET /api/financial-goals/ HTTP/1.1" 200 453
"GET /budget/ HTTP/1.1" 200 7583
"GET /static/js/sidebar.js HTTP/1.1" 404 1853
"GET /transactions/list/ HTTP/1.1" 200 16582
"GET /static/js/sidebar.js HTTP/1.1" 404 1853
"GET /budget/ HTTP/1.1" 200 7583
"GET /static/js/sidebar.js HTTP/1.1" 404 1853
"GET /transactions/list/ HTTP/1.1" 200 16582
"GET /static/js/sidebar.js HTTP/1.1" 404 1853
"GET /transactions/new/ HTTP/1.1" 200 12625
"GET /static/js/sidebar.js HTTP/1.1" 404 1853
"GET / HTTP/1.1" 200 6022
"GET /static/js/sidebar.js HTTP/1.1" 404 1853
"GET / HTTP/1.1" 200 6022
"GET /static/js/sidebar.js HTTP/1.1" 404 1853
"GET / HTTP/1.1" 200 6022
"GET /static/js/sidebar.js HTTP/1.1" 404 1853
"GET /transactions/list/ HTTP/1.1" 200 16582
"GET /static/js/sidebar.js HTTP/1.1" 404 1853
"GET /budget/ HTTP/1.1" 200 7583
"GET /static/js/sidebar.js HTTP/1.1" 404 1853
"GET /goals/ HTTP/1.1" 200 5910
"GET /static/js/sidebar.js HTTP/1.1" 404 1853
"GET /api/financial-goals/ HTTP/1.1" 200 453
"GET /budget/ HTTP/1.1" 200 7583
"GET /static/js/sidebar.js HTTP/1.1" 404 1853
"GET / HTTP/1.1" 200 6022
"GET /static/css/home/home.css HTTP/1.1" 304 0
"GET /static/js/sidebar.js HTTP/1.1" 404 1853
"GET /transactions/new/ HTTP/1.1" 200 12625
"GET /static/js/sidebar.js HTTP/1.1" 404 1853
"GET / HTTP/1.1" 200 6022
"GET /static/js/sidebar.js HTTP/1.1" 404 1853
"GET /transactions/new/ HTTP/1.1" 200 12625
"GET /static/js/sidebar.js HTTP/1.1" 404 1853
"GET /transactions/list/ HTTP/1.1" 200 16582
"GET /static/js/sidebar.js HTTP/1.1" 404 1853
"GET /budget/ HTTP/1.1" 200 7583
"GET /static/js/sidebar.js HTTP/1.1" 404 1853
"GET /goals/ HTTP/1.1" 200 5910
"GET /static/js/sidebar.js HTTP/1.1" 404 1853
"GET /api/financial-goals/ HTTP/1.1" 200 453
"GET /budget/ HTTP/1.1" 200 7583
"GET /static/js/sidebar.js HTTP/1.1" 404 1853
"GET /transactions/list/ HTTP/1.1" 200 16582
"GET /static/js/sidebar.js HTTP/1.1" 404 1853
"GET /transactions/new/ HTTP/1.1" 200 12625
"GET /static/js/sidebar.js HTTP/1.1" 404 1853
"GET / HTTP/1.1" 200 6022
"GET /static/js/sidebar.js HTTP/1.1" 404 1853
"GET / HTTP/1.1" 200 6022
"GET /static/js/sidebar.js HTTP/1.1" 404 1853
Watching for file changes with StatReloader
"GET / HTTP/1.1" 200 6022
"GET /static/js/sidebar.js HTTP/1.1" 404 1853
"GET /static/css/global.css HTTP/1.1" 200 1115
"GET /static/css/sidebar/sidebar.css HTTP/1.1" 200 9466
"GET /static/css/home/home.css HTTP/1.1" 200 1508
"GET /static/js/global.js HTTP/1.1" 200 667
Not Found: /favicon.ico
"GET /favicon.ico HTTP/1.1" 404 5378
"GET /goals/ HTTP/1.1" 200 5910
"GET /static/js/sidebar.js HTTP/1.1" 404 1853
"GET /static/css/financial_goals/goals.css HTTP/1.1" 200 1471
"GET /static/js/financial_goals/goals.js HTTP/1.1" 200 2270
"GET /api/financial-goals/ HTTP/1.1" 200 453
"GET /budget/ HTTP/1.1" 200 7583
"GET /static/js/sidebar.js HTTP/1.1" 404 1853
"GET /static/css/budget/budget.css HTTP/1.1" 200 6318
"GET /static/js/budget/budget.js HTTP/1.1" 200 7963
"GET /transactions/list/ HTTP/1.1" 200 16582
"GET /static/css/transactions/transaction_history.css HTTP/1.1" 200 3163
"GET /static/js/sidebar.js HTTP/1.1" 404 1853
"GET /transactions/new/ HTTP/1.1" 200 12625
"GET /static/css/transactions/transaction.css HTTP/1.1" 200 7430
"GET /static/js/sidebar.js HTTP/1.1" 404 1853
"GET /static/js/transactions/transaction-form.js HTTP/1.1" 200 9039
"GET /static/img/box-in.png HTTP/1.1" 200 10894
"GET /static/img/box-out.png HTTP/1.1" 200 10897
"GET / HTTP/1.1" 200 6022
"GET /static/js/sidebar.js HTTP/1.1" 404 1853
"GET /transactions/new/ HTTP/1.1" 200 12625
"GET /static/js/sidebar.js HTTP/1.1" 404 1853
"GET /transactions/list/ HTTP/1.1" 200 16582
"GET /static/js/sidebar.js HTTP/1.1" 404 1853
"GET /goals/ HTTP/1.1" 200 5910
"GET /static/js/sidebar.js HTTP/1.1" 404 1853
"GET /api/financial-goals/ HTTP/1.1" 200 453
"GET /goals/ HTTP/1.1" 200 5910
"GET /static/js/sidebar.js HTTP/1.1" 404 1853
"GET /api/financial-goals/ HTTP/1.1" 200 453
"GET / HTTP/1.1" 200 6022
"GET /static/js/sidebar.js HTTP/1.1" 404 1853
"GET /transactions/new/ HTTP/1.1" 200 12625
"GET /static/js/sidebar.js HTTP/1.1" 404 1853
"GET /transactions/list/ HTTP/1.1" 200 16582
"GET /static/js/sidebar.js HTTP/1.1" 404 1853
"GET /budget/ HTTP/1.1" 200 7583
"GET /static/js/sidebar.js HTTP/1.1" 404 1853
"GET /transactions/list/ HTTP/1.1" 200 16582
"GET /static/js/sidebar.js HTTP/1.1" 404 1853
"GET /goals/ HTTP/1.1" 200 5910
"GET /static/js/sidebar.js HTTP/1.1" 404 1853
"GET /api/financial-goals/ HTTP/1.1" 200 453
"GET / HTTP/1.1" 200 6022
"GET /static/js/sidebar.js HTTP/1.1" 404 1853
"GET /transactions/new/ HTTP/1.1" 200 12625
"GET /static/js/sidebar.js HTTP/1.1" 404 1853
"GET /transactions/list/ HTTP/1.1" 200 16582
"GET /static/js/sidebar.js HTTP/1.1" 404 1853
"GET /transactions/list/ HTTP/1.1" 200 16582
"GET /static/js/sidebar.js HTTP/1.1" 404 1853
"GET /transactions/new/ HTTP/1.1" 200 12625
"GET /static/js/sidebar.js HTTP/1.1" 404 1853
"GET /transactions/new/ HTTP/1.1" 200 12625
"GET /static/js/sidebar.js HTTP/1.1" 404 1853
"GET /transactions/list/ HTTP/1.1" 200 16582
"GET /static/js/sidebar.js HTTP/1.1" 404 1853
"GET /budget/ HTTP/1.1" 200 7583
"GET /static/js/sidebar.js HTTP/1.1" 404 1853
"GET /goals/ HTTP/1.1" 200 5910
"GET /static/js/sidebar.js HTTP/1.1" 404 1853
"GET /api/financial-goals/ HTTP/1.1" 200 453
"GET /goals/ HTTP/1.1" 200 5910
"GET /static/js/sidebar.js HTTP/1.1" 404 1853
"GET /api/financial-goals/ HTTP/1.1" 200 453
Watching for file changes with StatReloader
"GET /goals/ HTTP/1.1" 200 5910
"GET /static/js/sidebar.js HTTP/1.1" 404 1853
"GET /static/css/sidebar/sidebar.css HTTP/1.1" 200 9466
"GET /static/css/global.css HTTP/1.1" 200 1115
"GET /static/css/financial_goals/goals.css HTTP/1.1" 200 1471
"GET /static/js/global.js HTTP/1.1" 200 667
"GET /static/js/financial_goals/goals.js HTTP/1.1" 200 2270
"GET /api/financial-goals/ HTTP/1.1" 200 453
Not Found: /favicon.ico
"GET /favicon.ico HTTP/1.1" 404 5378
C:\Users\muril\ledger\backend\home\views.py changed, reloading.
Watching for file changes with StatReloader
C:\Users\muril\ledger\backend\transactions\views.py changed, reloading.
Watching for file changes with StatReloader
C:\Users\muril\ledger\backend\transactions\views.py changed, reloading.
Watching for file changes with StatReloader
C:\Users\muril\ledger\backend\transactions\views.py changed, reloading.
Watching for file changes with StatReloader
"GET /goals/ HTTP/1.1" 200 5910
"GET /static/js/sidebar.js HTTP/1.1" 404 1853
"GET /api/financial-goals/ HTTP/1.1" 200 453
"GET / HTTP/1.1" 200 6022
"GET /static/js/sidebar.js HTTP/1.1" 404 1853
"GET /static/css/home/home.css HTTP/1.1" 200 1508
"GET /transactions/new/ HTTP/1.1" 200 12625
"GET /static/css/transactions/transaction.css HTTP/1.1" 200 7430
"GET /static/js/sidebar.js HTTP/1.1" 404 1853
"GET /static/img/box-in.png HTTP/1.1" 200 10894
"GET /static/img/box-out.png HTTP/1.1" 200 10897
"GET /static/js/transactions/transaction-form.js HTTP/1.1" 200 9039
"GET /transactions/list/ HTTP/1.1" 200 16582
"GET /static/js/sidebar.js HTTP/1.1" 404 1853
"GET /static/css/transactions/transaction_history.css HTTP/1.1" 200 3163
"GET /transactions/list/ HTTP/1.1" 200 16582
"GET /static/js/sidebar.js HTTP/1.1" 404 1853
"GET / HTTP/1.1" 200 6022
"GET /static/js/sidebar.js HTTP/1.1" 404 1853
Not Found: /.well-known/appspecific/com.chrome.devtools.json
"GET /.well-known/appspecific/com.chrome.devtools.json HTTP/1.1" 404 5489
